"","newstitle","newspapername"
"1","충격의 일산호수공원, 주민들은 제대로 알고 있을까 [최병성 리포트]","오마이뉴스"
"2","""오빠는 억울하다""..육군 부사관 성추행 사건 반론 제기","뉴스1"
"3","""조민 입학 취소 반긴 아들 뺨 때렸다""..김근식 ""제정신이냐""","머니투데이"
"4","조민만 있을까..""의전원 전수조사 하자"" 다시 들끓는 여론","머니투데이"
"5","""모더나·화이자 효능, 델타변이 확산 후 91%→66% 급감""","뉴스1"
"6","광화문서 ""아멘"" 외쳤던 사랑제일교회 폐쇄되나..법원, 오늘 집행정지 심문","세계일보"
"7","두달 전기요금 3억 6천만원, 이거 실화입니까 [그 정보가 알고 싶다]","오마이뉴스"
"8","[이 시각]탈레반 저항세력 수천명 집결..""얼마나 버틸지 회의적""","중앙일보"
"9","[현장영상] 윤희숙 ""대선 후보에서 물러나고 국회의원직 내려놓겠다""","YTN"
"10","이재명 측 ""윤희숙, 속보이는 사퇴쇼로 국민 기만 마라""","뉴스1"
"11","가정폭력 60대 남편 아파트에서 투신 사망","연합뉴스"
"12","[뉴스피처] 도장 찍고도 왜..살던 집 교대로 드나드는 부부들","연합뉴스"
"13","김총리 ""닷새만에 확진자 2천명 넘어..10명중 9명 델타변이""(종합)","연합뉴스"
"14","김어준 ""조국 잡겠다고 딸 인생 박살 내"".. 野 ""고대·복지부도 결단""","한국일보"
"15","""마녀사냥 낙인""에 강원래도 떠났다..곡소리 퍼지는 이태원","중앙일보"
"16","연락처 삭제했다고..16살 어린 남친 살해한 여성 '무기징역'","연합뉴스"
"17","""다리 건너지 마세요!"" 의인 자녀 나란히 경찰관 임용 화제","연합뉴스"
"18","'의원직 사퇴' 윤희숙 ""민주당이 즐겁게 사직안 통과시켜줄 것""(상보)","뉴스1"
"19","조국, 딸 입학 취소 입장문 10분간 6번 고쳤다.. ""성적 높다"" 능력 부각","조선일보"
"20","이재명 인물평 놓고 국민의힘 김형동의원, 이 지사 모교 동기회 설전","뉴스1"
"21","[밀당365] ""매일 3km를 걸었습니다. 그랬더니 한 달 만에..""","헬스조선"
"22","[대담한 Review]""삼성이 이런 디자인을""..갤Z폴드3·플립3, 박스부터 까봤다","뉴스1"
"23","日 아사히 ""언론 압박 용납 못해"".. 민주당 언론중재법 강력 비판","한국일보"
"24","""파격? 외설? 도발?.. 제 삶은 계속 새로운 걸 찾는 발명가 같죠""","동아일보"
"25","아침 공복에 물 한 잔.. 몸에 나타나는 '놀라운 변화'","헬스조선"
"26","5명도 못 만나는데 한 번에 14명이나..박형준, 남양유업 회장 부인 등과 '만찬'","서울신문"
"27","신규확진 2천155명, 2번째 큰 규모..50일째 네자리, 위중증 또 최다(종합)","연합뉴스"
"28","""화이자 맞고 숨진 동생, 경찰은 '극단적 선택'으로 단정지어""","조선일보"
"29","""조민 입학 취소는 인권 탄압"" 부산대 규탄 靑 청원, 하루 새 9만명 동의","조선일보"
"30","[인터뷰]홍준표 ""김재원 입 못 막으면 대선 필패..사퇴하라""","노컷뉴스"
"31","비트코인 5만달러 유지 못한데 따른 실망감..일제 급락(종합)","뉴스1"
"32","""조국 딸 조민 입학 취소 쾌재부른 아들, 뺨 때렸다""..클리앙에 올라온 '충격 글'","디지털타임스"
"33","난민단체, 아프간인 400명 이송 환영 ""韓 도왔단 이유로 위험, 당연 조치""","뉴스1"
"34","정은경 표정 일그러지게 한 야당 의원의 '무논리'","오마이뉴스"
"35","후쿠시마원전 오염수, 해저터널 파서 1km 앞바다에 방류한다 [정영효의 인사이드 재팬]","한국경제"
"36","""여자친구 때려 죽인 그 놈, 30살 응급구조사입니다""","데일리안"
"37","참을 수 없는 윤희숙의 분노..왜 의원직 사퇴까지 고민하나","머니투데이"
"38","조민 입학 취소, 조국·정경심 재판 어디로 가나","데일리안"
"39","이재명 측 ""윤희숙 '사퇴쇼' 안돼, 국민들 두 번 안속는다""","이데일리"
"40","중년들의 관절 건강에 좋은 운동은? 등산은 '독'일까","코메디닷컴"
"41","홍준표 관련 질문에 입 꾹 닫은 김재원..""이제 조심하고 있다""","머니투데이"
"42","태아 걱정에 백신 안 맞은 美임신부, 코로나19로 아이와 함께 숨져","서울신문"
"43","이철희 정무수석 ""文 지지율 40%는 조금 아쉽다..제대로 평가 받으면 50% 나올 것""","세계일보"
"44","""가짜스펙으로 의전원 합격, 실형에도 의사 활동""..글 공유한 조국","머니투데이"
"45","살해한 연인 카드로 딸 선물·성매매..2심서 무기징역 구형","조선비즈"
"46","오늘 언론중재법 본회의 처리 불발..박병석 ""날짜 다시 정하라""(종합)","뉴스1"
"47","[단독]文정부 첫 육참·공참, 尹캠프 합류 ""불안해 못살겠다""","중앙일보"
"48","""부스터샷도 맞는데""..이스라엘 하루 확진 1만945명, 올 '최대'","머니투데이"
"49","연금 68만원 받아 사는데, 건보료 28만원 내라니..","조선일보"
"50","[인터뷰]김종민 ""기본소득, 4대강 22조의 3배..심층토론이 정상""","이데일리"
