"","vtitle","vpoint","vreview"
"1","모가디슈","8","개봉시기가 정말 소름돋네요 영화 자체도 볼만했어요"
"2","기담","8","이렇게 슬프고 쓸쓸한 호러 영화가 있었다니..."
"3","판도라","1","영화한편으로 나라를 말아드시네.."
"4","인질","10","재미있게. 보았습니다"
"5","인질","2","이영화보구 조연배우들의 역할이 얼마나 중요한지 느낌ㅠㅠ조연배우들때문에 영화몰입감 완전 떨어짐.물론 이런배우들을 섭외하고 연출하는 감독의 역량이 크지만 스토리도별로 연출도별로 ㅠㅠ옛날 한국영화 안보던 그시절의 영화같다"
"6","블라인드 사이드","10","인생영화가 되었어요 마음이 따듯해지고 기분 좋아지는 잔잔한 영화에요.."
"7","싱크홀","1","누가 킬링타임이랬냐,,,  킬링 당하고싶나,,"
"8","더 수어사이드 스쿼드","10","상어 친구 갖고 싶다. 쥐새끼들도 덤으로"
"9","사라진 시간","8","초반이랑 다르게 중반에 조진웅님 나오고 뭔가 다른 전개가 되서 흥미진진하게 봤는데 결국 뭐가 진짜 현실인지 모른채로 끝이나버렸네요 그래도 재미있었어요 다른 사람의 삶을 살아가는 사람의 관점도 볼 수 있었고 무엇보다 조진웅님 연기 몰입도 있고 좋았습니다"
"10","스파이더맨 2","10","피터 파커와 스파이더맨의 싸움."
"11","킬링 필드","10","경상도 애들이 꼭 봐야 할 영화"
"12","올드","10",""
"13","더 수어사이드 스쿼드","10","지루할,쉴,딴생각할 틈이 없다. 최고다"
"14","싱크홀","2",""
"15","이프 온리","10","인생영화에요 4번째봐도 재밌네요"
"16","데이브 미로 만들다: 판타스틱 미로 대탈출","10","저예산 b급영화도 상상력과 즐거움만 있으면 이런 멋지고 기발한 영화가 된다. 보는내내 영화보는 즐거움을 다시 일깨워준 작품"
"17","언어의 정원","7","비오는날에 보기 딱 좋은 영화네"
"18","날씨의 아이","5","색채는 아름답지만 스토리는 아쉽다."
"19","모가디슈","6","분단의 아픔을 떠올리게하는 영화"
"20","인질","1","황정민연기로도 도저히 끝까지 볼수없엇던 내용의 영화"
"21","배드 지니어스","8","머리가 암만 좋아도, 결국 물고 태어난 수저대로 인생이 흐르는건가"
"22","콜 미 바이 유어 네임","10","이 영화 만들어줘서 그래서 볼수 있게해줘서 고맙다고. ㅠ 감독한테 말하고 싶다. ㅠ"
"23","인질","1","개빡침 그냥 내가 기절하고 싶었음 당분간 집에만 있을거임 사람 스치기만 해도 소름 돋을"
"24","모가디슈","10","오랜만에 신파없이 재밌는 한국영화"
"25","진주 귀걸이를 한 소녀","8","대학 새내기 때의 첫 영화. 귀 뚫어주는 씬에서의 상징적 관능이 아직도 기억난다."
"26","배심원들","10","기대없이 봤다가 여러가지를  생각하게 해주는  뻔한 스토리만 그래도 재미있게 빠져들게 하는 요소들이 있는 영화 ....그중  법원귀신 짱 ㅋㅋㅋ"
"27","싱크홀","4","생소한 소재로 생소한 재미를 주려고 했으나,비현실적인 타협과 설정이 몰입을 떨어뜨리고 있다."
"28","하얀 궁전","10","시간이 지나 더 아름다워보이는 사랑. 행복했으면 좋겠다."
"29","연애의 목적","10","자존심은 남얘기고 처음으로 용기내어 내가 구질구질하게 붙잡아서 사귄 진심으로 사랑했던 남자친구랑 본 영화..  당시 나는 이 영화가 이해안되고  불쾌했지만, 그 연애가 끝나고나서야 비로소 머리보다 가슴을 따랐던 나와 그런 나에 맞추어 순수하게 사랑을 표현해준 남자친구. 그게 얼마나 값진것인지 사랑이 끝나고 그제서야 이 영화와 그때의 연애가 제대로 보이고 소중하고 따뜻하게 이해가되었다."
"30","건축학개론","6","그래도 다 괜찮았는데 결말이.. ㅎㅎ왜 도대체 그런 결말이죠..조정석 외 배우들 연기 영상미 ost.. 스토리전개는 음.."
"31","퍼펙트맨","2","엔딩에 죽어서 차타고 가는게 너무 재수없음. 장애 가진 사람들이 죽어서야 편해진다고 생각한거 같아서 재수없음. 진짜. 스토리도 별로고 웃음포인트도 그다지.. 많은 장르를 이렇게 어울리지 못하게 넣고. 배우들만 퍼펙트맨임 ㅋㅋ"
"32","싱글라이더","10","삶에 대해 다시 생각해보게 합니다"
"33","세크러테리","10","S도 아니고 M도 아니지만 두근두근한 영화"
"34","올드","8","정녕 식스센스를 뛰어넘는 후속작은 없단 말인가?"
"35","싱크홀","10",""
"36","모가디슈","8","스릴 있고, 스토리도 짜임새 있게 잘 만들어진 영화."
"37","캐시트럭","10","역시 빡형. 2시간이 사라졌다."
"38","인터스텔라","10","한번봤을땐 그저그랬는데 두번 세번볼수록 감동적이고 잼나네요"
"39","담보","2","엄청 기대했던 영화였으나이런 스토리 대본으로도 영화제작이 가능하구나신기한기초습작수준"
"40","아저씨","10","스무살 되자마자 극장가서 관람한 첫 청불영화이자 10여년이 지난 지금 봐도 촌스러움이 없는 감성액션"
"41","모가디슈","8","재미있어요. 류승완 굳굳"
"42","해피 엔드","6","최민식은 원조 꽃미남이었구나..전도연과 주진모의 베드신은 부부가 하는 것만큼 너무 적나라해서 솔로때 찍은 게 맞는 건지 헉할 정도로 실감남..베드신 엄청 자주 나옴"
"43","엑소더스: 신들과 왕들","4","어... 님덜 그냥 이집트 왕자를 보세요오래된 2D 애니메이션이지만 연출, 음악, 전개 모든게 엑소더스 보다는 나은거 같아요"
"44","사랑이 뭘까","8","사랑과 집착 사이 아슬아슬한 줄타기. 짝사랑이 성공하긴 어렵지만 조금이라도 가능성을 높이고 싶다면 마모루 입장에 서서 야마다 처럼 예측되는 행동을 하지 말길. 개연성 없는 유치한 사랑 영화가 아니어서 다행이다."
"45","파리넬리","10","어떻게 끝맺음 맺을까 궁금했는데 다소 충격이었음 ... 동생을 위한 마지막 선물이었을까"
"46","범죄의 재구성","10","이영화보면 극한직업은 졸작!!"
"47","인질","10","손에 땀을쥐며 봤습니다 황정민 연기는"
"48","싱크홀","10","살짝 유치할수 있으나 감동포인트가 있고 가족간의 갈등과 화합이 돋보이게 하는 연출력과 연기력이 볼만하다. 최근에 극장에서 식구들과 볼 수있는 유일한 영화 ~~롱런하세요"
"49","인턴","10","예전에 엄마랑 보기 편할 정도로 좋은영화였다~직장영화 치곤 힐링이 됐었고 로버트드니로의 벤은 내게 인생멘토가 되어준것 같은 롤모델로 삼아도 될듯한 마음이 훈훈해 지는 영화다"
"50","올드","10","이렇게 영화를 만들어도 상영을 해 주는구나… 이 시국이 좋긴 좋네 긴 말 안하겠습니다 성냥팔이 소녀의 재림을 이을 명작입니다!"
"51","싱크홀","10","차승원 & 김성균 & 이광수 등 코믹연기"
"52","인질","8","여자형사 개답답놓치고 깨지고 막판에도 기절.."
"53","엘 마르","10","맹무백 ""효란 무엇입니까?""  공자 ""부모는 오직 자식이 아플까 걱정이다."""
"54","올드","1","진짜 재미하나도없고 평점이 이런게 말이안됨"
"55","인질","10","평점 낮게주신분들은 어떻게느꼈는지는 모르겠지만 진짜 배우분들이 실감나게 연기해주셨어요. 긴장도되고 진짜 꿀잼으로 봤는데 ㅋㅋㅋ"
"56","혼자 사는 사람들","8","각본과 전개가 썩 매끄럽진 않았지만.. 연출과 배우분의 연기가 돋보였습니다. 많은 말 하지 않고 절제된 감정선이 드러났지만.. 무슨말을 하고 싶은지 명확하게 알수 있어서 좋았네요."
"57","혼자 사는 사람들","8","재미있는 부분이 없는데 몰입해서 보게되는 영화"
"58","인질","2","잔인하기도하고 별로였어요.."
"59","신이 말하는 대로","1","내 2시간 돌려내....,,,"
"60","모가디슈","10","시간 가는줄 모르고 봤어요♡♡♡"
"61","가디언즈 오브 갤럭시 VOL. 2","10","재미없다면 늙었다는 증거이고Ost가 귀에 익어도 늙었다는 증거"
"62","프리 가이","10","기대안했는데 보길잘했어요 게임을 좋아하지않아도 공감대가 있고 경쾌하고 재미있어요 가짜지만를현재 누군가를구하는 지금은 진짜라는 대사 너무 감동였습니다!"
"63","싱크홀","10","너무 재미있게봤어용!!~ 모두들 영화찍느라수고 어떤영화보다 더 많으셨을것 같아요 수고하셨어용!!~~~^^"
"64","파이트 클럽","8","노튼의 연기력에 빠졌다가 감독의 연출력에 감탄한다"
"65","싱크홀","10","웃다 울다기대이상 으로 잘봤습니다차승원 배우님 연기로 즐거웠어요!!"
"66","더 콘서트","10","정말 감동인 영화 하...여운남아.."
"67","라따뚜이","10","마지막에 왠지모르게 울컥하면서 감동...ㅜㅜ 쥐가 너무 귀엽고 사랑스러웠다.."
"68","어린왕자","10","좋아요,,감동적이고..공감도 가요"
"69","미운 오리 새끼","8","이 영화는 레알 제목이랑 포스터가 문제다.... 이런 내용일줄은 상상도 못했네. 개띵작."
"70","인질","7","배우가 모든걸 다 해준 영화."
"71","이별의 아침에 약속의 꽃을 장식하자","10","ㅋㅋ진짜 별거 아니네 10번울었음 ㅋㅋ"
"72","모가디슈","10","모든지 다 적당해서 재밌어요"
"73","극장판 바이올렛 에버가든","10","사랑해를 이해 할 수 있게 됐어요"
"74","사바하","10","진짜 준비 많이한 영화인듯...진짜 저런 사이비종교가 있을꺼 같은 느낌이 들 정도로"
"75","프리 가이","10","잼있어. 잼있ㅇㅓ레디플레이어원 같은 영화"
"76","암살자들","9","재앙이 면상 딱 나오니까 예술영화로 돌린거보소 ㅋㅋ빨갱이들 보면 기겁할 영화"
"77","12번째 솔저","10","12번째 솔져는 얀뿐만 아니라 얀을 도운 노르웨이인이라고 생각드네요. 정말 보는 내내 안타까움과 무서움과 존경심 많은 생각이 들었습니다."
"78","사일런트 힐","10","분위기묘사 ,시각적표현.. 미장센이 미쳤다."
"79","윤희에게","4","다들 좋은 영화라 극찬하는데나는 잘 모르겠다지루한 감도 없잖아 있었고중간 중간 가슴아린 느낌은 있어도이 영화가 그래서 전반적으로 나에게 큰 임팩트를 준 영화인가 생각해봤을때 그렇지는 못한"
"80","모가디슈","10","진짜 재밌어요..! 시간 가는줄 모르고 봤어요..김윤석, 허준호 배우 연기 쩔고..스토리도 되게 탄탄한 느낌이에요!!!"
"81","몬스터 헌터","8","나쁘지않은데 ㅋㅋ 이걸로뭐라할거면반지의제왕같은 명작영화를보세요시간때우기용도로 딱 재밌게 알맞게 봤는데 ㅋㅋ 수준 상향평준화 오지네...이정도면 저는 충분히 만족하게 봤습니다."
"82","모가디슈","10","깻잎 한 장도 긴장감을 더한다."
"83","변신","1","변신이 아니라  빙     신‥ ㅉㅉㅉ"
"84","싱크홀","10","광수 진짜 웃김 ㅋㅋ 섭외 잘한듯"
"85","먼 훗날 우리","10","이 영화 죄가 많습니다저를 울린 죄. 꼭 보십쇼…"
"86","싱크홀","9","아이엄마로서 이입해서 봤어요보는내내 부모의 사랑은 역시 위대하다는걸 다시 느꼈어요.  요즘 살기힘들어진 세상이 잘표현되서 현실이 슬펐네요 스토리도 괜찮고 믿고보는 배우들이였고 재미와 감동도 있고 너무 잘봤어요~~"
"87","모가디슈","2","정만식배우 논란 때문에 슬픈영화"
"88","버스, 정류장","10","동탄 버스 정류장 새치기범 엄준식 화이팅!!"
"89","디 아더스","8","프레스티지, 메멘토도 예측했는데 의외의 곳에서 한 대 맞았습니다"
"90","더 킹","2","전형적인 좌파 개돼지 세뇌영화조폭,검찰 악의 유착관계전라도,좌파,민주화 선의 관계로 세뇌하는 문화계의 현실 검찰개혁 공수처설치를 개돼지에게 그럴싸하게 정의로 포장하여 합리화할수 있는 이론의토대"
"91","인질","9","추격자 같은 분위기를 좋아하면 추천. 평가는 항상 주관적이지만 근래 영화 중 가장 괜찮았음.  (조연 머리 안남겼으면 B급될뻔)"
"92","더 수어사이드 스쿼드","9","아무 생각없이 즐길수 있는 영화!"
"93","무간도","10","디파티드보고 본건데확실히 분위기나 스토리는 훨씬나은거같음"
"94","변신","10","방금 ocn에서 봤어요 개봉했을때 영화관 가서도 봤는데 오랜만에 봐도 재밌네요 저는 공포물은 일년에 한번 여름에만 보는터라 이정도 무서움이면 충분해요 충분히 무서웠어요 특히 둘째 화덕에 끌려갈때 너무 인상 깊어서 다시 보는데도 그 장면은 확실히 기억하고 있더라구요 근데 지금보니까 그 배우님이 슬의생 나오는 윤복이네요 배우분들 연기 너무 잘하셔서 몰입감 최고였고 오랜만에 공포영화 보는데 재밌었어요"
"95","모가디슈","10","현실이 더 소설같다ㅠㅠㅠ"
"96","콰이어트 플레이스 2","5","지루하기 짝이 없다 헐리웃도 소재하나 잡으면 드럽게 엿가락 늘이기하는게 한국 비슷하다"
"97","변신","9","무심코 tv돌리다 ocn 1부 중반부터 봤는데 배우들 연기력에 빨려들어가서 끝까지 본 영화. 재미없으면 집중못하는 날 집중하게 했다. 스토리는 뒤에가 좀 무너지긴 했지만 연기력이 장난 아니였다. 대박."
"98","반딧불이의 묘","10","전쟁이라는 거대한 권력의 폭력앞에 약자들이 얼마나 공포스럽고 역겹게 소멸되는지에 대하여."
"99","갈매기","9","오랜 배우 생활을 한 분의 연기는 다르네요  잘봤습니다힘들때 도와주는 사람 아무도 없네.."
"100","카센타","7","의미도 있고 생각할 거리도 있지만 마침표가 아쉬움."
"101","변신","4","처음 시작은 그럴 듯 했다고로 첫끗발이 개끗발이었던 영화 잘 안보고갑네다 네래 북에서 왔으리 다 나가리데스요"
"102","더 퍼지: 포에버","6","흠...제작비는 전작보다 더 쓴거 같고 스케일도 커진거 같은데 몰입도는 많이 떨어지네요.전작들 보다 못한거 같습니다."
"103","방법: 재차의","4","좌파정권밑에서 권해효 신났네 안나오는 영화가없네어휴"
"104","투건스","10","매끄럽게 흘러가는 편이고 두 배우 연기 보는 묘미가 좋음 액션 타격감도 괜쥰해서 킬링타임으로 제격임 이퀄 시리즈 보다 덜 다크하고 덜 잔인하고 코믹적 요소가 가미된 액션이라고 보면 됨 배우빨이 있긴한데 대부분 영화가 그렇지 뭐! 재미짐! 평점이 7.1대는 좀 낮아보여서 십점 드림. 7후반은 돼야 맞는 거 같음 연기구멍이 없어서"
"105","싱크홀","1","지루한 초반전개와 웃기지 않는 유머 코드들... 실망입니다"
"106","올드","6","영화에서 말하려는 메세지는 있지만, 그것을 납득 할만한 시간 개연성이 아쉽다."
"107","괜찮아요, 미스터 브래드","10","중년이란 나이는 자꾸 삶을 누군가와 비교하게된다. 나를 기준으로 놓지 못하고 저울질하면 자존감이 떨어지고 주눅이 들게 된다. 내 자존감을 자꾸 건드리는 물질만능주의가 싫지만 , 가진 것을 감사하며 건강함에 의미를 두는 연습을 하며 살아가야 할 듯. 삶을 돌아다볼땐 좋은 것만 보도록"
"108","팜 스프링스","10","주인공 두 사람이 죽이 참 잘 맞다. 보는 것만으로도 유쾌해진다."
"109","변신","8","전혀 몰랐던 영환데 오씨엔에서 보고 너무 재밌어서 또 보고 있는 중ㅎ두번 다 중간부터 봤으니 넷플로 첨부터 제대로 봐야 겠음~"
"110","배심원들","2","이런 저급한 감성팔이 영화는 더 이상 절대 개봉하지않길 간곡히 한국영화계에 바랍니다"
"111","스타 트렉: 더 비기닝","10",""
"112","올드","7","영화 보는 내내 손에 땀을 쥐고 봤으나 다 보고 나면 그건 왜 그랬지? 라는 의문이 들게 하는 영화...그냥저냥 시간떼우기 용으로 볼만합니다"
"113","안티크라이스트","7","상징과 비유의 귀재"
"114","모가디슈","4","정치적 영화 지긋지긋하다"
"115","모가디슈","10","good awesome"
"116","인질","8","볼만합니다"
"117","싱크홀","8","예상이 가능했던 부분들이 많았네요 지루하지 않게 감상은 했지만 뭔가 아쉬움이 남는 마무리?"
"118","혼자 사는 사람들","2","평점좋아서 보는중이긴한데..초반이긴하지만..너무우울한데??혼자산다고 다저래 청승맞게 살진않는데..==뭘말하고싶은건지 끝까지 볼수나 있을런지.."
"119","철의 심장을 가진 남자","1","새벽의 7인 이라는 영화를 감명 깊게 보고, 여러 가지 정보를 찾다보니 해당 영화가 비슷한 소재를 다루고 있다고 하길래 보았는데 생각보다 불 필요한 장면이 많고, 지루해서 당황스러웠네요."
"120","데스 위시","8","기본은 하는 영화...브루스할배"
"121","인질","9","황정민 원톱 영화가 아니었네?"
"122","흐르는 강물처럼","10","잔잔하게 흐르는 강물과 자연 풍경을 보는 게 참 평온하게 만든다. 영상미가 정말 훌륭하다. 인생이라는게 풍경처럼 평화롭고 아름답기만 하지는 못하지만, 강물처럼 잔잔히 흘러가면서 언젠가는 아름다울 수 있는 것 같다."
"123","신과함께-죄와 벌","10","."
"124","툴리","10","샤를리즈 테론의 현실연기,,온몸으로 연기하는 모습 너무 좋았고끝날때까지 많은 생각이 들게 하는 영화"
"125","모가디슈","8","볼만했어요"
"126","모가디슈","10","실화를 바탕으로 한 영화로 현재 아프가니스탄 의 내전상황을 유추할 수 있는 영화. 어떤 평은 북한 미화영화라고 하는데…어떤 장면을 말하는지 모르겠고, 이탈리아와 조인성이 멋있게 그려진 영화입니다. 우리나라에서 태어남을 행복하게 만드는 영화로 추천합니다."
"127","변신","1","돈주고안봐서정말다행임"
"128","싱크홀","10","감동과 웃김이 넘쳐흐름?? 잘 봤어요??"
"129","배심원들","10","너무 좋은데 생각보다 많이들 안알려진것같아 아쉬운 작품. 연출이나 스토리힘도 좋고 적당히 가벼운것 같은데 하고자 하는 이야기는 따뜻하고 묵직하네요. 배심원 역할하신 배우들 한명한명 다 개성있고 피고인 역할 맡으신분 연기 너무 잘하셔소ㅜㅠ 맘도 아프고 인상적이었어요! 요즘 자극적이고 화려한 cg에 눈만 즐거운 영화만 넘쳐나다가 이렇게 좋은 영화를 보니 다행이다 싶어요. 앞으로도 많이 보였으면!"
"130","인질","10","황정민 배우 때문에  봤다 ㅜㅜ! 역시 믿고 보는 배우재밌게 봤습니당"
"131","1987","10",""
"132","발신제한","2","이걸 극장에서 봤다.."
"133","곤지암","10",""
"134","싱크홀","10","기대안하고봤는데 감동도있고 재미도있고 너무재미있게봤습니다^^"
"135","모가디슈","10","우연히 시간이 맞아 보게된 영화인데..완전 기대이상!오랜만에 눈물 흘리면서 밨네요 ㅠㅠ 배우님들 연기도 너무 좋았고 영화를 통해 전달하려는 메세지도 깊은 생각을 해보게 만드는 힘이 있는 영화에요! 감사합니다!"
"136","프리 가이","7","군더더기 없는 오락영화"
"137","모가디슈","10","처음부터  끝까지 지루한순간이 없고  스릴  재미  두가지를 만족시킴이념을  떠난 감동의순간들뭉클햇다  강추"
"138","싱크홀","1","yaro**** 이사람 개웃기네 ㅋㅋ 아니 싱크홀은 재난영화고 어벤져스는 히어로 영화이니까 분류 자체가 다른데 이거랑 비교하는 수준 ㅋㅋ 사람이 감마선 너무 많이 쬐면 죽는건 다알지, 그런데 설정이 재밌고, 내용도 재밌고, 캐릭터의 매력, 수준높은 CG들이있으니까 그냥 그런갑다~ 하고 보는거지 그런데 싱크홀은 재난영화인데 적어도 설득력은 있어야 하는거 아님? 집이 500M 떨어졌는데 사람들 다 멀쩡하고 집도 멀쩡하고, 드론 신호가끊겨요 ! 이러고 갑자기 나중가서 지혼자 올라가는건 무슨경우인데 ㅋㅋ 중반부에 개구리 점프 부분은진짜 ㅋㅋ 그리고 진짜 개 노잼드립 치는데 배우들끼리 낄낄거리고 영화 관객들 아무도 안웃음 ㅋㅋ 이광수마저 없었으면 진짜 완전 노잼 될뻔했는데 ㅋㅋ 역시 7광구 감독답다 ㅋㅋ 이 영화 보러 가실꺼면 보러 가세요 2시간, 15000원 날려도 상관없는사람들은요 ㅋㅋ 1점도 아깝다 ㅋㅋ"
"139","모가디슈","10","소말리아.  내전.-남북. 실화. 진짜다!!"
"140","스쿨 오브 락","10","학교에서 한 다섯번은 보여줬는데 볼 때마다 재밌게  봤습니다"
"141","소울","10","엄청난 스토리나 큰 포인트가 있지는 않았지만 영화가 끝났을 때 울고 있었던 영화. 오히려 억지 울음이 아니라 더 좋았던 영화."
"142","퍼피 구조대 더 무비","10","기대없이 봤다가 진짜 너무너무 재밌어서 놀랐어요!!!진짜 어린이용 어벤져스입니다 어벤져스 강아지판?! 스케일 장난 아니고ost장난 없네요 마룬5라니 ㅠㅠ정말 강추입니다!!코로나 아니었음 엄청 흥행했을것 같아요 제가 다 아쉽 ㅜㅜ"
"143","극장판 바이올렛 에버가든","10","바이올렛 에버가든의 대미를 장식하는 아름다운 애니"
"144","발신제한","4","기대이하. 속력은 빠른데 박진감이 없음."
"145","공공의 적 2","10","시즌1 향수병에 걸린 사람들의 평테가 기가차다.. 권선징악 정의구현의 대표적인 영화로서 2시간30분이 지루한 구성없이 흥미진진하게 짜여져 있다. 강철중도 강철중이지만 상관인 부장이란 사람..정말  정의로운 사람들"
"146","제미니 맨","10","나이든 스미스도,  파릇파릇한 스미스도 좋다.거기에 항상 너저분한 수염투성이의 클라이브 오웬이 아닌 말쑥한 차림의 그를 보는 어색한 느낌도 나쁘진 않다. 덤으로 클로버필드 10번지에서 봤던 동서양이 혼재된 마스크의 메리 윈스티드를 만나는 것은 더더욱 좋다~ ^^"
"147","몬스터 헌터","1","대표적인 ㅈ 짱게영화 ㅋ이름부터가 몬스터 헌터 ㅋㅋ 개연성 0 에 나오는 어케든 짱골라들 문화 섞어보려고 애쓴 티남 … 솔직히 스크린에 쭝궈랑 텐센트 나오는거보자마자 불안했는데 역시나 기대치를 져버리지않노.. 요새 요보비치누님.. 돈 많이 궁하신듯  ㅠ 넷플 올라왓길래 속는 셈치고 봤는데 영화보는 내내 요보비치 누님이 안타 까웟음"
"148","다이버전트","10","재밌다! 세계관도 흥미롭고"
"149","괴기맨숀","2","시끄럽기만한 3류영화"
"150","타짜-신의 손","10","숨은 '미니명작'중에 하나로 느껴지고, 영웅물 같은 다소 아쉬운 스토리와 전개일 수 있으나 영화를 보며 흔히 기대하는 단순하면서도 익숙한 맥락과 전개 느낌이 있을 수 있음. 진부한 복수와 멜로물을 칠해놨지만 처음부터 강하지 않게 은은하게 올라오는 느낌을 잘 담은 것 같음. 적절한 배경음악과 영상미가 이를 더한 것 같고, 조연들 연기가 모든 것을 채워주는 것이 좋았음."
"151","낙원의 밤","7","신세계 느낌보다는 약간 키타노 타케시의 냄새가 많이 났던 영화. 무엇보다 좋았던건 마지막 액션신.총 한자루의 위력이 얼마나 큰 건지 리얼하게 잘 보여줌."
"152","남색대문","5","개인적으로 포스터 색감에 속음 영화 내내 빨리 집가고싶었음 뭔가 내용이 이어지지 않음 하지만 2000년대 감성 느끼기엔 좋음"
"153","가장 따뜻한 색, 블루","10","근데 헤밍웨이 님 베댓 좀 그러네요.. 어차피 땅파서 장사하는것도 아니고 흥행이 목적인데 이런류 찍어봐야 흥행이 안되잖아요. 님이 만드세요 그럼"
"154","82년생 김지영","1",""
"155","인질","2","황정민배우 연기 빼고는 별로 였습니다"
"156","방법: 재차의","5","소재는 좋았지만 따분함."
"157","모던 보이","10","불편하기에 직시 해야만하는 우리의 역사"
"158","인질","6","큰 기대를 안하면 재밌게 볼 수 있습니다"
"159","인질","5","황정민 연기 빼고는 잘 모르겠다. 잔인하고 형식적이고 별로 ... 재미없었다."
"160","인질","10","황정민은 연기라는 단어 그 자체다.최기완이라는 배우는 조금 어색해서 아쉬웠지만킬링타임용으로 괜찮은것같다"
"161","싱크홀","10","진짜 가볍게~ 보기 좋아요 진지하게 보시는 분들은 이거 보지 마세요. 좀 뜬금 포인트들도 많지만 저는 코메디니까 하구 넘어가서 재밌게 볼수 있었어요! 가볍게 볼만한 코메디 영화로 추천합니다~"
"162","랑종","6","볼 때는 불쾌감과 무서움이 같이왔고, 결과도 암담해서 더욱 불편한 영화.확실히 시간내내 자리를 유지하기도 힘들었고 빨리 결말이 나왔으면 좋겠다고 생각함. 이러한 것을 유도했다면 대성공이라 할 수 있겠지만 무엇보다 불쾌감과 무서움이 계속 유지되어서 스토리를 이해하고 생각할 틈을 정도로 체력이 빨리 빠졌는데 해석까지 강제로 유도하도록 하는 점에 있어서 영화를 끝까지 보기가 너무 힘들었다.. 너무 무서운 효과를 극대화하는 것을 마구잡이로 다 집어넣고 스토리, 해석 유도, 열린 결말까지 싸그리 넣다보니 전체적으로 밸런스가 마이너스가 된 그런 느낌을 받음.이후에 유튜버들이 해석한 것을 보고 아 이런 내용이었구나 유추가 되었지 영화를 보는내내 답답함이 너무 밀려옴. (굳이 숙모가 문 열어주는 것을 안넣었어도 되었는데 답답함의 효과를 극대화하기 위해 넣어버려 더욱더 짜증이 밀려왔음)곡성이 오히려 좋다고 느껴질 정도로.. .차라리 잔인한 장면은 많이 빼는게 좋지 않았을까라는 생각이 들었고 다음에 나홍진 감독의 연출 영화라면 바로 예매해야지라는 감정은 안들 것 같다는 생각이 듦."
"163","노바디 ","10","가족들이랑 같이보고 오늘 혼자 또 봤는데 진짜 노바디 최고다 ㅋㅋㅋ  주인공 진짜 매력개쩜"
"164","싱크홀","2","저질 신파 영화 중간에 나왔음 절대 보지 마세요"
"165","프리 가이","10","내용 하나도 모르고 봤는데 CG건 배우들 연기건 너무 좋았습니다! 영화 초반 빌드업 부분이 꽤 긴 느낌이 들었지만 후반을 위해 어쩔수 없는것 같구요. 뒤로갈수록 아주아주 재밌고 웃을수 있는 요소가 많아요!! 킬링타임용으로 아주 최적이구 마지막은 감동까지 있습니다 ㅋㅋㅋㅋ 신파같은건 아니구요~추천해요!!"
"166","싱크홀","10","재밌어요 ㅋㅋㅋ후회하지 않음 ㅋㅋ 가볍게 보기 좋음"
"167","싱크홀","10","연기도잘하고재밌어요!"
"168","인질","1","...돈아까워요ㅠ 관람등급은 왜 15세인지 이해가 안 가네요. 온갖 자극적인 요소들은 모두 집어넣고 이게 진정한 액션 영화다 라고 포장한 느낌입니다. 갑자기 왜 선정적인 장면이 나오는 지도 모르겠고, 욕설이 무슨 매 장면마다 끊임없이 나와서 귀에서 피나오는 줄 알았습니다. 보는 내내 불쾌했어요. 또 시간 낭비 돈 낭비 한거 생각하면 너무 화나네요. 이제 황정민 배우님 영화라고 무조건 보면 안 되겠어요."
"169","뮤턴트 워","1","'퍼시픽림과 레지던트이블 제작진'이 만들었다고하는데 알고보니 제작사에서 알바로 고용한 놈이 한달만에 짤려서 이 3류 영화자가 수습으로 뽑아서 카피라이트 포스터에 달아놓은 꼴.... '000 제작진이 만들었다!' 썩을 이젠 안믿는다."
"170","아이아이 가사: 다시 만난 그날","4","이세상의 아버지만큼 위대한 이름은 없다.."
"171","모가디슈","10","남과 북 통일에 관한 문제와 이번에 탈레반 사건을 잘 표현한거같아 재밌게 봤음 10점만점에 9.5점"
"172","모가디슈","1","역OO갱이정권영화답다"
"173","타이타닉","10","죽기 전까지 이영화 뛰어넘을 영화가 나올까,.,"
"174","싱크홀","10","너무재밌음ㅋㅋ꼭보세요"
"175","캐시트럭","7","I should've watched this at theater."
"176","인질","4","극중 실제 영화 중인공인 황정민이 나오는게 오히려 저에게는 몰입이 더 안되는 느낌이었습니다. 황정민님의 연기야 두말 할 것 없긴 하지만... 영화를 보는 내내 ... 현실과 영화 사이에서 왔다 갔다.... 평가중에 집에 가고 싶다고 하는 평가 글들이... 왜그런지 조금 알것 같은....솔직한 느낌을 적고 싶었는데 .. 잘 전달이 안되네요 ;;"
"177","더 수어사이드 스쿼드","1","1편도 노잼이었는데 2편은 쓰레기네 ㅎㅎ 제발 이시리즈 만들지마"
"178","프리 가이","9","아주 재밌게 봤습니다~ 각종 까메오도 좋았습니다."
"179","인질","9","황정민과 인질범중 한명(이태원 클라쓰)에 나왔던 배우 말고는 아무도 모르겠지만 정말 찰떡같은 캐스팅이었다. 모두들 연기도 훌륭하고 독특한 이야기에 몰입해서 봤다. 보는 내내 나이도 이제  제법될건데 황정민 정말 정말 고생했을것 같다는 생각을 하며서 본 영화~~코로나 아님 대박 났을건데 다들 아쉽다."
"180","주먹왕 랄프 2: 인터넷 속으로","10","뻔하지않아서 좋았어요"
"181","블랙 호크 다운","10","다시봐도  멋지다..전쟁영화중  최고가  아닐지~"
"182","미라클 프롬 헤븐","10","하나님이 살아계심을 다시 한번 느끼고 오늘도 지금 이 순간도 제 곁에 계심을 감사드립니다.저희 아빠가 심근경색으로 쓰러지고 어려운 환경이었을 때 겪었던 기적과 비슷한 내용이라 그때 생각도 나서 더욱 눈물이 흘렀어요.하나님은 살아계시고 오늘도 당신 옆에 함께 하십니다."
"183","모가디슈","10","너무재밌게봥써용~~"
"184","싱크홀","10","너무 재밌어요 엄마랑 같이 봤는데 엄마도 재밌다고 합니다 진짜 짱 역시 울 광수사랑 ~"
"185","잭 스나이더의 저스티스 리그","10","스피드 포스와 플래쉬 포인트에 대한 제대로 된 이해 만으로도 잭스나이더가 얼마나 디테일한 부분까지 신경 썼는지가 느껴진다. 극장에서 개봉한다면 꼭 보러 가고 싶다.."
"186","발신제한","1","인간의 욕심은 끝이없고 이해안가는영화를 반복한다"
"187","모가디슈","6","난 별로 재미없던데 다 재밌었다고 하네ㅜㅜ"
"188","모가디슈","10","너무 재밌어서 3차 뜀ㅎㅎㅎ 큭히 조인성 얼굴이 제일 재밌더"
"189","모가디슈","10","최근의 아프카니스탄 사태를 보면서 그렇게 위험한 지역에서 근무하는 대사관직원들이 참 대단하다는 생각을 하게 되었습니다. 세계 곳곳에 대한민국을 알리고 그러면서 불편한 생활을 감내해가는 그들에게 감사한 마음도 듬니다. 세게에서 가장 치안이 훌륭한 나라중 한 곳인 대한민국에 태어나서 살아가는 것이 얼마나 행복한지 생각하게 되고 동포애와 인간애를 보여주는 따뜻한 영화였습니다. 개인적으로는 아주 조금의 임팩트가 아쉬웠던 점은 있지만 이런 코로나 시국에 해외에서 촬영한다고 너무 힘들었을 배우와 영화인들을 위해 응원합니다. 예전부터 응원해 온 류감독님 이번 영화 대박나시기를 바랍니다.모두모두 화이팅~~"
"190","더 수어사이드 스쿼드","9","'마고 로비' 가 나오는 장면은 퀄리티 자체가 달라진다."
"191","부산행","10","근대 솔직히 다시보니까 김의성 이해됨 그 누구라도 저상황이면 저렇게 이기적일수밖에 없고 그래야 살아 남으니까"
"192","모가디슈","10","간만에 시간가는줄모르고 봤네요"
"193","인질","7","그래도 씽크홀보단 낫지 않아?"
"194","명량","10","이순신의 위대함을 보여준 한국영화 탑5 안에 든 엄청난 영화 라고 생각 합니다."
"195","라야와 마지막 드래곤","10","재밌게봤어요 dddd"
"196","블랙 위도우","10","액션은 강하지 않았지만 초반 오프닝이 너무도 인상적이다"
"197","프리 가이","9","액션 코믹 좋네요~"
"198","싱크홀","6","물이 어떻게 그만큼 찰수가있죠?"
"199","구니스","10","40 -45살 까지 손이요"
"200","싱크홀","10","웃으려고 봤는데 울음을 더 흘렸네요"
"201","모가디슈","2","별로별로 만식이별로롤로"
"202","모가디슈","10",""
"203","스파이더맨: 파 프롬 홈","10","스파이더맨 슈트 넘 멋있고 재미씀"
"204","스파이더맨: 파 프롬 홈","10","스파이더맨 슈트 넘 멋있고 재미씀"
"205","승리호","10","캐릭터, 영상미 한국이 이런 영화를 만들다니 특히 애기들 얼굴 진짜 귀엽다 로봇 업동이 ㅋㅋ"
"206","인질","10","황정민 연기가 다했습니다"
"207","프리 가이","10","짱잼 ㅋㅋ  ㅜ ㅜ  스토리 연기 영상미 미쳤음"
"208","모가디슈","10","재밌습니다 굿굿"
"209","모가디슈","10","너무 재미있게 봄불쾌한 포인트 없이 재밌는 영화"
"210","인질","5","너무 잔인했다고 하심"
"211","리플리","10","피터를 죽인 건.. 그것마저 디키의 죄로 몰고가기 우해서.. 디키로 알고 있는 로그일행이 목격자가 되어주겠지.. 피터를 잃고도 슬프거나 죄책감을 느끼지 못한다면..정말 소시오패스이겠지.."
"212","덤보","10","덤보라는 영화는 코끼리가 자신의 단점을 장점으로 극복하는 재미있고 감동적인 영화다"
"213","분노의 질주: 홉스&쇼","10","...,,,???!!!"
"214","발신제한","1","?김지호 나오는줄 알았으면 안봤다 이런 배우가 이런 영화 왜나와.. 똥폼 잡는 연기자들은 다 나오는"
"215","인질","6","황정민씨가 그냥 인질인 영화 ㅋㅋㅋ"
"216","블랙 위도우","6","재미는 있는데 뭔가 액션이 좀 유치해졌고 스토리도 좀 개연성이 많이 부족하다는 느낌이 있었다"
"217","종이꽃","10","따뜻한 영화네요 밑 리뷰 처럼 비오는날 혼자 보니 더 유진를 다시 보게 되는 영화.. 이한샘? 개그우먼 김민경인줄 봤는데 억양 평소 쓰는거랑 틀려서 출연진 보니 아님 완전 김민경 이미지 생긴게 얼빗 보니 ㅋ"
"218","싱크홀","10","1인 19000원 가격은 좀 쎄지만.. 배우님들이 정말 고생하시며 찍은 영화같았고, 2시간이 훌쩍 지나간 영화였어요- 킬링타임용으로 가볍게 보기 좋아요-"
"219","꽃다발 같은 사랑을 했다","10","최애영화 꼭 보세용~!"
"220","내가 죽던 날","10","아니 이 숨겨진 명작을 나는 왜 이제서야 봤지.."
"221","인질","2","최악..ㅠㄱㄷㄱ짇ㅂㄷ규ㅠㄴㄷ아훔ㅈㄱ"
"222","인질","8","스토리는 뻔합니다. 황정민배우 믿고보는 연기"
"223","국가부도의 날","10","무거운 마음으로 봤습니다잘봤습니다"
"224","강철비2: 정상회담","2","일본은 전쟁광.미국은 저능아.북한은 자주성.이 좌편향적인 세계관이 엽기스럽지만 더 짜증스러운 건 감독이 공정한 척 한다는 것..현 대통령에 대한 아부는 역겨울 정도. 하긴 <미사일을 발사하십시오. 훠훠>는 분명히 깨지만.. 그리고 영상 꼴 봐.80년대 영화 <붉은10월>보다 못하다!"
"225","용서는 없다","8","출연진들 만으로도 눈길이 가는 영화,몰입도와 클라이막스에서의 반전이 인상깊음"
"226","반도","1","할리우드에서 30년전에 아마겟돈에서나 써먹던 매너리즘화 되어버린 슬로우모션 신파영화"
"227","더 수어사이드 스쿼드","10","꿀재엠 ㅎㅎ 자살특공대 짱"
"228","방법: 재차의","10","큰 기대없이 봤지만 기대 이상의 재미를 주었네요.드라마 한 편을 보는듯한 자연스러운 연기와 탄탄한 연출력이 좋았습니다."
"229","가문의 부활 - 가문의 영광 3","10","평점테러하시는분들 뭐가 별로라는건데?"
"230","슈퍼배드 3","10","슈퍼배드 시리즈는 ㄹㅇ 다 최고"
"231","건축학개론","10","종종 생각이 나는 영화입니다."
"232","인질","1","도대체 개연성 없이 ‘내가슴은 C컵’ 왜 나오는데?? 남자 배우들이 갑자기 바지 내리면서 ‘난 부랄이 한바가지’ 하는 장면은 안넣으면서."
"233","파도가 지나간 자리","10","요즘처럼 아기 낳기를 거부하고 학대하는 사람들에게 경종이 되었으면 하네요. 생명의 고귀함에 대하여 깊이 성찰하게 하는 영화. 낳은 정과 기른 정 사이."
"234","#살아있다","1","유아인은 왜 이 영화를 택했을까 ?"
"235","인질","10","나만 엄청 재밌게 봤나..후기랑 평점이 왜 저러지 진짜 재밌었어요 유치하고 cg티 엄청 나는 다른 영화에 비해서 훨씬 잘 만들었다고 생각합니다 진짜 재밌음 강추"
"236","강철비2: 정상회담","1","정우성은 연기만 30년 했는데 저러네"
"237","모가디슈","10","최근에 본 영화중에 제일 실감나게 봤습니다.10점 만점에 10점"
"238","꽃미남 연쇄 테러사건","6","비급 영화 좋아해서 재밌게 봤던 영화."
"239","인질","10","역시 황정민몰입도 최고에요"
"240","올드","10","걍 볼만하네요~~~~"
"241","싱크홀","1","김지훈 감독영화 다신 보고싶지 않네요영화  만들지 마시고 평론이나 하세요평론은 망작 감독들의 연금자리니깐"
"242","혼자 사는 사람들","9","마음을 닫히게 하는 것도, 그 문을 다시 여는 것도 결국은 우리가 살아가면서 무수히 마주할 누군가들. 혼자 살지만 결코 혼자 살아갈 수 없는 인간의 모순을 감독은 덤덤하게 말한다."
"243","인질","6","인질 영화는 우리 나라는 아직 멀었네"
"244","싱크홀","2","개노잼 CG능력이 좀 떨어짐, 현실성 1도없는 전개"
"245","미션 임파서블: 폴아웃","10","역시 톰크루즈 ~!! 기대를 저버리지않는 미션 시리즈 ~~ 7편도 너무 기대됩니다^^"
"246","이웃집 토토로","10","아이가 많이 좋아해서 소장해 보고 있네요"
"247","모가디슈","10","배우님들 최고 예요 !!!!@ㅎㅎ"
"248","비정규직 특수요원","2","멍청한 년! 무식한 년! 환장의 콜라보"
"249","가을의 전설","8","시간가는줄 모르고 보게되는 자극적인 스토리. 여주가 희생양인지 아니면 불행의 씨앗인지 좀 헷갈게 하지만 모든 사건의 원인은 맞는것 같다. 주체성이 강한 여자였다면 어땠을까 하는 아쉬움이 남는다. 여운이 강한 영화."
"250","더 콘서트","4","시작은 좋았는데 갈 수록 막장! 억지 전개, 전혀 납득되지 않는 감정선.. 생각보다 높은 평점이 이해가 안되네요"
"251","제로 다크 서티","10","현장감과 긴장감을 잘 느낄수 있는 연출이 좋았다."
"252","모가디슈","8","배우들의 연기와 깔끔한 연출이 매력적이었음.영화관에서 보길 정말 잘 했음. 코로나아니었으면 진짜 잘 됐을 듯."
"253","블라이스 스피릿","4","우디앨런 매직인더문라트의 아류작. 사생활논란을 떠나서 우디앨런이 왜 거장인지 이 영화를 보고 알게됨"
"254","싱크홀","10","B급영화로는 최고 이광수의 런닝맨 역활 그대로 예능인이 아닌 영화인으로써 연기하는 재미차승원의 그 자체를 보는 듯한 캐릭터대한민국 현실도 은근 슬쩍 얘기도 해주고 너무 무겁지 않아서 좋았습니다"
"255","올드","10","신선한 소재와 훌륭한 연출이었네요 영화 진행되는 내내 몰입감이 엄청났고 끝난 후 많은 생각을 들게하네요 간만에 굉장히 재밌는 영화였어요"
"256","싱크홀","10","스릴있고 긴장감과 웃음 주는 영화에요."
"257","프리 가이","10","게임 어쩌고 그러길래 별 기대 없이 봤는데 진짜 재밌음 ㅋㅋㅋ cg가 넘사벽 ㄷㄷ"
"258","거인","10","영화내내 주변 어른들 눈치보기에 바쁜 요한이의 모습이 너무 마음 아팠어요. 무책임한 어른들때문에 보호받지 못하는 아이들이 지금도 존재한다는 슬픈 현실.최우식 연기는 최고입니다."
"259","인질","10",""
"260","모가디슈","8","지구 저편 한번쯤 볼만한 스토리.내가 살고 있는 이곳이 그래도  좋은곳 이라는걸 느끼게 해주는영화."
"261","비밀은 없다","6","장르도 불분명하고 이게 뭔지..두 여학생이 넘 비슷해서 헷갈리고 의도한거라 해도 첨엔 구분되게 해야지 평점이 낮은 이유가 있다"
"262","닥터 스트레인지","8","스토리는 평범한 편인데 마블영화 중에서 이 정도로 시각효과로 만족을 준 영화가 있었던가?영화 자체의 퀄리티와는 별개로 영상미는 아쉽다고 평가받던 마블이었는데..."
"263","루카","10","아이들이 바다에서 뛰노는장면이너무재미있었다"
"264","혼자 사는 사람들","10","현실적이면서 씁쓸하다"
"265","보스 베이비 2","6","기대 한하고 봤는데... 원작보다는 재미나 스토리가 감동을 주지 않네요 ㅠ어른들의 과도한 핸드폰사용으로 인한 반성의 시간은 된듯"
"266","루카","10","루카와알베로또가 친형제처럼느꺼져서 더재미있어고만약에 루카2 가 나오다며다시 만나게 해주세요"
"267","루카","8","처음엔 보면 애 같아서 진부해 보여 관심이 없었는데 보면 볼수록 루카의 감동 스토리에 빠져들어 보면 볼수록 정말 루카의 재밌는 스토리에 빠져듭니다. 스토리 영상미 노래 다 좋았지만 연기나 연출 등 조금 아쉬웠지만 이런 그림체나 이런 스토리를 좋아하시는 분들이 있을것이니 보시길 추천드립니다! 저는 정말 재밌게 봤고 아직도 또 미래에도 정말 생생하게 머릿속에 남을것 같습니다. 루카 정말 재밌고 다음 이야기도 기대되게하네요."
"268","싱크홀","10","진짜 영화보면서 이렇게 웃은적 처음입니다..친구랑 같이 봤는데 그 친구도 저보다 더 많이 웃고같이 보는 사람들도 박수치며 난리 났었습니다…진짜 너무 재밌었어요ㅠㅠ"
"269","싱크홀","10","개인적으로 너무 재미있게 본 영화인데 평점이 너무 낮네요? 2시간이 어떻게 흘렀는지 모를정도로 푹~ 빠져서 봤어요 ! 가족영화로 강추해요 ^^"
"270","협상","10","난 너무 재밌게 봤음..!! 쫄깃쫄깃하고 보는내내 긴장되고. 손예진이 연기도 역할도 진짜 너무 멋있음. 현빈은 악역이기도하지만 입체적이라 어느정도 이해됨. 그리고 그보다 더한 악역이 따로 있었기에..;; 결말이 약간 열려있지만 그들이 유죄판정 났다고 생각하고 끝내고싶음. 언론의 중요성도 새삼 느낌. 쨋든 잘 봤씀다"
"271","루카","9","이탈리아에 있는 실제 마을을 모티브로 배경을 한 이 루카라는 영화는 바다괴물이라는 인식을 갖고 있는 사람마을에 가서 생활하는 영화입니다. 루카랑 알베르토가 실제 자신의 모습을 들킬뻔한 장면이 몇번나오는데 그 때마다 저의 심장이 쫄깃쫄깃하고 조마조마 했습니다. 그리고 줄리아의 아버지가 알베르트와 루카가 위험할 그 순간 나서서 도와주는 장면이 가장 기억에 남습니다. 마지막에 루카가 줄리아와 함께 학교에 가는데 알베르토가 베스파를 팔고 티켓을 사주는 형의 마음이 감동적이였고 저도 동생이 있는데 알베르토처럼 멋진 형이되고 싶습니다."
"272","더 수어사이드 스쿼드","7","개인적인 감상평]1편보단 낫더라/할리퀸때문에 영화시청/결말 2가지 예상함/쿠키영상 2개있음."
"273","프랑스여자","2","팔자 사납다.적응 안된다는 소리를 참 ""프랑스적""으로 하려는 안간힘.감독 참 한가하다.."
"274","크루엘라","10","반전에 반전쉽게 쓸 재미나는 독특한 스토리그리고 딱 맞는 캐릭터 ㅎ"
"275","루카","10","일단 바다괴물이 마을에 가서 인간이 되어 사는 스토리가 정말 참신하고 루카가 에스파를 타는 모습을 상상하는게 인상 깊었습니다 그리고 이탈리아의 모습이랑 비슷해서 놀라기도 했습니다"
"276","블랙 위도우","2","캡틴이 잠깐이라더 나오는것이 좋았을거같다..액션에 한계가 느껴지네..."
"277","싱크홀","10",""
"278","루카","9","나의 느낀점은 호기심 많지만, 소심한 캐릭터가 제 마음에는 마음에 들었습니다 또한 알베르토 역시 아주 so~cool한 성격 역시 너무 재밌어서 웃음이 나옵니다ㅋㅋ 하지만 줄리아를 만나면서 세상에 대해 더욱 알고 싶은 루카는 학교에 가고 싶다며 알베르토와 외적 갈등을 나누는데 그때 그 둘의 사이가 조금 틀어지기 시작하는데 그때의 story의 절정이 정말 짜릿했습니다. 그후에 절정의 외적갈등을 통해 더욱 사이가 돈독해진 알베르토, 루카~! 너무 보기 좋은 영화였습니다!! 이상입니다~♥"
"279","루카","10","별다른 생각은 없지만 스토리랑 배경이 정말 좋았다는 생각이 들었다. 갠적으로 잘 만들었다는 생각이 듬"
"280","인턴","10","감동적이었고 주인공등의 연기가 아주 좋았습니다."
"281","루카","8","이탈리아의 감성이느껴지고, 등장인물들의 각각의 성격을 보는것도 즐거웠다. 스토리자체가 재미있다."
"282","악질경찰","10","이선균님 박해준님 연기 너무 좋았습니다."
"283","전설의 주먹","1","드루와 드루와 드루와~"
"284","싱크홀","6","씽크홀이라는 소재로 영화를 처음 접해봐서 신선했지만, 그 뿐영화배우들의 연기력은 뛰어난 편이지만, 그 뿐노잼, 노감동, 뻔한 결말 (예상했지만, 설마 했다.)"
"285","빽 투 더 퓨쳐 2","8","명작이라 불리는덴 다 이유가 있다. 재개봉 해도 충분히 인기있을 영화."
"286","예스터데이","5","널리고 널린 환생물 웹툰, 웹소설들, 현실에선 찐따인 내가 죽어서 환생했더니 전설의 드래곤 슬레이어! 뭐 이런 스토리... 그나마 비틀즈라는 영미권 문화의 전설과 그들의 노래가 뿌려져서 양념맛으로 봤다."
"287","루카","9","실제 마을과 닮은 영화로 이탈리아의 문화를 알게 되었고 루카가 걸릴까 말까해서 심장이 쫄깃했다.마지막 줄리아의 아버지가 루카와 알베르토를 지켜줄떄 감동했다. 그리고 알베르토의 아버지가 알베르토를 남기고 떠나서 알베르토가 슬퍼할떄 나도 덩달아 슬펐다 마지막에 알베르토가 루카를 위해서 베스파를 팔고 학교를 보내줄떄 메우 슬펐다 ㅜㅜ 알베르토는 루카 뒤에서 잘챙겨줘서 멋있다 이영화를 정말 추천하고싶다. 영화의 연출도 기가막혔다 루카와 알베르토 가 물에들어갈떄 괴물로 변신하는데 그때 바뀌는 모습이 인상깊고 신기했다. 난 루카와 알베르토가 같이 베스파를 타고 여행다녔으면 하는 마음이 컷지만 그래도 엔딩을 잘 마친거 같다."
"288","테스","8","남성중심의 사회 19세기,  비운의 여인과 나쁜놈과 비겁한자식"
"289","팜 스프링스","8","타임루프에 갇히는건 나쁘다는 편견을 바꿔준 영화, 씽크홀 보다 2배는 잼있음"
"290","블랙 위도우","6","실망시키지 않았다.안녕~ 블랙위도우!"
"291","제8일의 밤","10","저는 너무 재미있게 잘 봤어요!! 잘 만든 영화같은데 평점들이 다들 왜이런걸까요.."
"292","방법: 재차의","10","한국 공포물중에선  가장 으뜸인듯  드라마도 영화도 너무잘봄"
"293","인질","6","잘 봤습니다"
"294","모가디슈","7","기생충 이후 처음으로 극장에서 영화 봤는데 괜찮았음. 아르고가 생각났는데 아르고처럼 조금 더 긴장감 있는 연출이였으면 더 좋았을 듯."
"295","악질경찰","1","도대체 세월호를 왜 넣은거냐.."
"296","프리 가이","10","Don't have a good day. Have a great day."
"297","우키시마호","1","아니ㅋㅋㅋ 기뢰 설치했던 미국도 인정하는 사건을 반일에 미쳐서 무슨 음모론자들 말만 가지고 다큐를 만들고있냐ㅋㅋ"
"298","보스 베이비 2","10","1달전에 봤는데 아직도 재미있다개꿀잼"
"299","헬레이저 2","1","유치하다. 잠 온다."
"300","아가씨","9","화려한 영상미, 배우들의 열연, 미장센 다 좋았으나 극후반부가 조금 아쉬움. 그래도 전반적으로 잘 만든 영화."
"301","올드","8","소재는 신박하고 영화도 재미있는데 결말이 많이 아쉬움"
"302","인질","5","연기자 분들 연기는 좋았는데 스토리 진짜 별루 였어요..."
"303","모가디슈","10","어떤 내용인지 모르고 봤는데 진짜 시간 가는줄 모르고 봄 완전 재밌음"
"304","점박이 한반도의 공룡2 : 새로운 낙원","10","조카따라봤는데제가빠졌네요ㅋㅋ파충류안좋아해서공룡류는안보는데여기공룡들은징그럽지가않고이쁨ㅋ 김성균씨특히분위기전환재미있구요~밑에분들말처럼고증도중요하겠지만그럼나올공룡이별루없을꺼같네요저는짱짱재미있네요"
"305","기생충","9",""
"306","모가디슈","10","보면서 지루한 기분도 안들고,다 본후 은근 미련이 많이 남은 작품입니다.주제가 너무 어려울수있었지만 잘풀어 나가 전달하고 싶었던 의미를 잘 전달한것같습니다.기대 이상이라 좋았습니다."
"307","모가디슈","10","실화에 기반하여 긴박한 현장감, 지루하지 않은 전개가 시간 가는줄 모르고 재밌게 봤습니다."
"308","싱크홀","10","진짜 재밌어요 역시 이광수"
"309","체인 리액션","6","레이첼와이즈 미모점수6점 나머지0점"
"310","인질","2","황정민때문에 봤지만 역시나 황정민만 보인 영화"
"311","몬스터 헌터","4","뭐냐... 그저 어이가 없다이거 넷플릭스에서 안보고 돈주고 봤다면쌍욕했을 수준"
"312","블랙 위도우","6","전 작품에 비해 너무 아쉬웠습니다. 기대가 너무 컸던거도 같은데,마블에서 짰다기엔 너무 가벼워 보이는 스토리와 연출 때문인것같습니다. 하지만 배우들의 연기와 영상미는 굉장히 훌륭했습니다. 단 그걸 커버치지 못해 지루해지는 스초리가 너무 아쉬웠습니다. 스칼렛 요한슨 수고했어요!"
"313","루카","10","예, 화려한연출,뛰어난 연기,몰입도가 좋은 스토리를 가장 높게 평가 하고요,그외에 영상미,ost도 훌륭하다 생각합니다."
"314","루카","8","정말재미있어요. 그리고 영화가 감동적이고, 계속 긴장감이 돌아서 좋아요."
"315","루카","10","너무 감동적임 역시 디즈니와 픽사의 영화.루카가 학교에 가는게 가장 감동적이었음.내가 본 영화중에 가장 감동적이었다고 말해도 손색이 없을 정도로 아주 감동적임.그리고 건물들이 아주 디테일함.쿠키영상에서도 보여주었듯이 정성을 쏟은게 드러남.나는 누군가가 가장 좋아하는 영화를 물어본다면 망설임 없이 이 영화를 고를 가능성도 있다고 생각할 수 있다고 판단할 수 있다고 생각할 수 있다고 생각한다."
"316","루카","8","이 영화를 본 감상은 바다괴물인 루카가 학교에 간다는게 아주 감동스러웠고 재미있었다."
"317","루카","8","스토리가 평범했지만 연출이랑 영상미가 좋았다."
"318","프리 가이","8","기대 안하고 봤는데 재밌게 봤습니다!!"
"319","루카","9","우와!!너무재미있어요 바다를못가서 기분이 않좋았는데 이걸보니 바다에온겄같아요"
"320","루카","10","스토리에서 루카와 알베르토의 좌충우돌 이야기가 가장 인상 깊었고 육지에서 바닷속 모습으로 변했던것이 스릴감이 있었다"
"321","흔들리지마","7","재방으로 봤는데 임채무가 기억에 남네"
"322","인질","10","존재ㅁ김장감스릴감 연기 굿"
"323","루카","10","진짜 감동적이네요 10점 드립니다 오랜만에ㅠ재밌는 영화 감상했네요~  ^^ 여러분들도 한번 보세여 재밌어요"
"324","나쁜 여자 착한 여자","7","끝까지 다 못봐서 아쉬웠는데 중반까지는 괜찮았는데"
"325","루카","9","영화 루카를 재미있게 봤습니다. 다른분들도 재밌있게 보시면 좋겠네요*^^*"
"326","신들의 전쟁","10","전 너무 영상미에 넋을잃고봤네요 ㅎㅎ"
"327","루카","10","영화 루카를 보고 엄청난 재미를 느꼈고 루카와 알베르토의 우정이 좋았고 그림체가 아름다웠고 실제 같엤다 그리고 감동적인 장면이 많이나와서 재밌게 봤고 마지막 장면 알베르토와 루카가 작별인사를하고 작별하는 장면이 제일 인상깊었다 그리고 영화에 사람들이 이탈리아어를 쓰는걸 보면서 멋있다고 느꼈다 그리고 물에 닿이면 물고기가 되고 육지에선 사람이 되는 것에 감명 받았다 총평은 정말 재밌었고 또 보고 싶다"
"328","해어화","10","잔잔한 음악과 영상미도 좋고 스토리가 괜찮으네요!"
"329","인질","10","황정민이 황정민으로 등장했다는 사실만으로 구미가 당겨서 본 영화! 너무 좋았습니다!!! 이 영화의 강점이라 함은 정말 진짜 극강의 리얼리티? 단순히 황정민이 황정민을 연기한다는 것이 포인트가 아니라, 형사나 납치범들은 인지도없는 배우로 캐스팅하고, 연출같은 것들도 화려하지 않아서.. 정말 몰입감있게 진짜처럼 잘 봤습니다!!"
"330","루카","10","오랜만에 보는 디즈니 영화라 재밌었고, 특히 마지막에 알베르토가 베스파를 팔아서 루카가 학교에 갈수있게 만들어주는 장면이 가장 인상 깊은 장면이었다."
"331","인질","8","황정민이랑 인질범들이랑 뭔가 안 어울리고 이질감이 듦. 인질범들 피부가 너무 물광피부라 뭔가 범인같지도 않고 이상함"
"332","인질","4","음 . . . ㅎ  ㅎ  ㅎ"
"333","루카","6","좋았던 점 : 개인적으로 스토리가 마음에 들었다,나빴던 점: 영화 진행이 너무 틀에 박혀있다"
"334","루카","10","스토리가 정말 괜찮았고 재미있었다"
"335","루카","9","우정과 가족에대한 사랑이 담겨 있어 너무나도 감동적이었다"
"336","인질","10","모든 클리세를 부서버린 최고의 영화!!"
"337","루카","8","처음 루카 표지만 봤을떄는 재미없어보였는데 막상 보면 재미있었요"
"338","더 코브: 슬픈 돌고래의 진실","10","미개한 새끼들그냥 다 죽여버리면 안되나돌고래 죽이듯 쟤내도 몰이사냥 해서 죽여버리고 싶네 정말"
"339","수어사이드 스쿼드","1",""
"340","싱크홀","2","이걸169명아니고 169만명이 ?"
"341","더 수어사이드 스쿼드","10","킹 샤크(나나웨) 최곤데~총 맞아도 안죽고...떨어져도 안죽고..건물에 낑겨도 안죽는...!!!!"
"342","더 코브: 슬픈 돌고래의 진실","10","역시나 반성이란 없고 IWC를 탈퇴 하는 그나라"
"343","인질","10","최고의 작품"
"344","모가디슈","10","역사를 알고 보고 모르고 보고 상관없이 아이가 총을 들고 있는건 너무 슬프다"
"345","협상","1","협상 전문가는 어느상황이든 냉철해야하는데 뭔 사람OOO고 바로 감정을 드러내냐? 줫나웃기노"
"346","암살","8","최동훈의 전작<도둑들>의 일제시대 독립운동 버젼. 애국심을 느끼기엔 거시기. 하지만 이정재의 두 얼굴 연기는 경탄스럽고 전지현은..안경녀(지성)킬러(야성)가터벨트녀(섹시)다 해낸다능!"
"347","싱크홀","10","요즘 같은 코로나시대에 가족이랑 가볍게 즐기기 좋은 영화예요!! 여기 평점이 낮은데 저는 재밌게 잘봤습니당!!"
"348","싱크홀","1","소재도 좋고 배우도 좋은데 어설픈 개그를 총동원해야 했는지 .. 터널같은 경우 필요한 개그 말고는 재난에 집중했는데 이건 재난 영화가 어설프게 개그치다가 망함 그나마 연출이라도 좋았으면 덜 어설펐을건데.. 어설픈 개그에 어설픈 재난 진짜 엑시트가 10배는 나은 영화임을 장담함"
"349","싱크홀","6","재난영화 인데 코믹이  더 강조 되는 ..-"
"350","프리 가이","10","액션 버전 트루먼 쇼 같은 느낌이에요. 액션도 좋고, 코미디도 좋고, 패러디도 좋습니다. 아주 만족스러운 영화였습니다."
"351","싱크홀","1","OOO기쌉쓰레기개노잼"
"352","싱크홀","10","이광수님재미서다싱크홀재미서요않보사람꼭보세요^^"
"353","엑시트","10","진짜 좋았어요아 진짜 명장면을 꼽으라 하면 많을 정도로 넘 좋아요! 추천 드려요"
"354","오케이 마담","4","무료로 봐서 다행스럽습니다."
"355","정글 크루즈","10","진짜 울컥할뻔 ㅠㅠㅡㅡ"
"356","야쿠자와 가족","8","간만에 작품성 있는 영화 하나 나왔다!"
"357","더 퍼지: 포에버","7","쓸데없는 스토리 없이 퍼지 볼래의 스토리에 충실하게 만들었네"
"358","모가디슈","1","딱히.별로재미없었음."
"359","로건","8","대단원의 끝이라기엔 조금은 초라했지만 아름다운 결말이었다. 아쉬운 점이라면 엑스맨 시리즈 전작들과의 개연성이 약간 떨어졌고, 관객들이 쉽게 눈치챌만한 뻔한 전개가 아니었나 싶다. 그래도 울버린이라는 돌연변이이자 히어로이며, 한 명의 로건이라는 인간이었음을 잘 표현해 주는 휴머니즘을 보여주어 감동스러운 마무리로 잘 매듭지은 것 같다."
"360","극장판 귀멸의 칼날: 무한열차편","10",""
"361","더 파이브","1","태어나서 본 영화중에 역대급  노잼"
"362","광식이 동생 광태","6","결국 이루어지지 못하는 짝사랑은 시간낭비일뿐이다."
"363","시라노; 연애조작단","6","이민정 리즈시절 미모 볼수 있어서 좋았다 정도"
"364","제인 도","9","이제서야 이 영화를 봤네요. 제목도 어디서 많이 들어봤고 잘 만든 공포 영화 추천작에 이 영화가 빠지지 않고 항상 리스트에 들어가더군요. 그리하야 드디어 찾아보게 되었는데 정말.. 제가 이런 독특한 소재를 좋아하는것도 있지만 후반부에 갑자기 장르가 확 변하는 느낌이 들더니 오금을 저리게 만들더군요. 마무리가 좀 아쉽긴 하지만.. 아주 참신한 방법으로 사람 놀래키는 웰메이드 호러 영화라고 평가하고 싶어요."
"365","드래곤 길들이기 3","4","1편을 생각하면 아쉬운 선택, 2편을 생각하면 최선의 선택"
"366","싱크홀","5","스토리자체는 뻔하지만, 나쁘지않았음"
"367","드래곤 길들이기 2","3","상상력의 날개를 달고 비상한 1편, 기술력의 엔진을 달고 폭주한 2편"
"368","블랙 위도우","1","마블 영화가 아니었어도 볼 가치가 있을까스파이 영화도 히어로 영화도 아닌 이도저도 아닌 영화"
"369","모가디슈","10","결국 외교도 정치도 사람이 하는 거였네요3일이 지났는데도 강한 여운이 남아있어요소총으로 장난치는 소년병들이 등장하는 장면에서 어찌나 눈물이 나던지 ㅠ물론 통일은 감상적으로 접근할 문제가 아니지만통일이 되면... 이념이 아니라 사람을 만날 수 있겠지요 더불어 내전이 일어나고 있는 나라들을 보면 민주주의를 일궈낸 한국이 얼마나 대단한지 새삼느낍니다"
"370","드래곤 길들이기","7","디즈니 양탄자와 픽사 풍선집에 버금가는 드림웍스의 날개 투슬리스"
"371","싱크홀","10","B급영화라는 말을 듣고 큰 기대 안하고 봐서 그런지 재밌게 잘 봤네요~연기자분들 연기 잘 하시고 너무 재밌어요 ㅋㅋㅋㅋVOD뜨면 또 보고싶네요 가족들이랑 보기 무난하고 괜찮은듯!"
"372","모가디슈","9","쥐어짜낸 신파없어도 씁쓸하던 그시대의 대한민국을 잘 풀어냈음."
"373","더 수어사이드 스쿼드","8","성인용 액션 판타지. 히어로버젼 킹스맨"
"374","모가디슈","9","카 체이싱 씬이 너무 재밌던데염!"
"375","퍼피 구조대 더 무비","10","아이들과 시간가는줄 모르고 봤네요확실히 TV시리즈보다 재미있었습니다.사운드 훌륭하니 꼭 극장에서 감상하세요"
"376","친구2","1","너무 재미없다.. 다시 죽은 동수가 나왓으면 더 재밋을수도"
"377","모가디슈","7","군함도에 대한 오답노트"
"378","모가디슈","8","한국에서도 총소리가 제대로 들리는 영화가 나왔다.. 배우들 연기는 말할 것 없고.."
"379","프리 가이","8","트루먼쇼에 대한 오마쥬? 라이언 레이놀즈는 자기 옷을 입은 듯 찰떡같은 연기를 보여준다. 다람쥐 쳇바퀴 돌 듯하는 현실의 삶에 유쾌한 카운터펀치를 날려주는 영화."
"380","접속","10",""
"381","아는 여자","10",""
"382","한니발","7","양들의 침묵에서 멈췄어야 했다. 연기 좋다는 분들도 많던데 내가 보기엔 줄리언 무어도 조디 포스터와 너무 비교가 되고, 피렌체 무대로 고상한 티는 다 내지만 전체적으로 고급하지 않다. 홉킨스 옹 때문에 별점 조금 높였다."
"383","모가디슈","10","처음에는 걍 흔한 한국영화일줄알았는데 아니였음! 북한이요?? 갑자기 내전이요??? 그냥 아무것도 모르고 본거라 이런 내용일거라고 상상도못했는데 진짜 오랜만에 너무 재밌었음 ㅠㅠ 마지막에 액션 개재미있고 초반에 웃음코드도 나랑 잘맞았음 또 북한인들 말할때 자막쓴것도 신선했음  그리고 무엇보다 태준기 당신.. 휴.. 내가 원래 같은 영화 다시 안보는데 태준기 얼굴이 아른거려서 내일 또 보러감 준기야 애미나이 간다우"
"384","스파이럴","6","두번째 희생자 부터 범인을 예상하고 보니 딱딱 맞아 떨어져서 반전의 희열은 느낄 수가 없었다!!!      다양한 처형방법을 고안한 명석한 두뇌는 인정!"
"385","미드나이트","1","내가 만들어도 이것보단 잘 만들겠어요"
"386","슬픔보다 더 슬픈 이야기","10","예전에 처음 개봉했을때 당시 여자친구랑 같이 봤는데 그땐 어리기도 했고 여자친구도 옆에있어서 눈물 한~두방울 찔끔 나오는 수준이었는데 그러고  그친구랑 6년정도 사귀고 그 친구한테 딴 사람 생겼다고해서 차이고 얼마 안지나서 다시봤는데 그땐 진짜 펑펑 울었음..."
"387","프리 가이","10","진짜 신선하고 창의적인 스토리. 특히 게임을 좋아하거나 컴공 전공이라면 꼭 보시는걸 추천합니다."
"388","골든슬럼버","10","잘 본거같습니당 ㅎㅎ재밋어요 왜 평점이 낮은지???ㅋㅋㅋㅋ이해못함"
"389","모가디슈","6","연출은 블랙호크다운, 스토리는 아직도 동막골"
"390","경성학교: 사라진 소녀들","4","귓속말은 뭐였는데ㅜ 둘이 계획짠거 아니었냐고"
"391","아포칼립토","10","크으 꿀잼 다시봐도 스치다봐도 잼남"
"392","싱크홀","10","차승원과 이광수가 거의 캐리함"
"393","숏버스 감성행","10","제천음악영화제에서 보고 또 본 작품. 처음 봤을 때보다 인물들의 감정과 행동이 더 잘 이해되어 보는 재미가 있었다. 영화가 끝나고 엔딩까지 이어지는 음악도 굿!"
"394","바람과 함께 사라지다","9","고전 특유의 영상미와 연출방식에도 전혀 지루하지 않았던 나의 4시간. 스칼렛과 버틀러의 사랑법은 내게도 필요한 것이 아닌지."
"395","랑종","1","그... 처음엔 귀신퇴치! 내 딸은 너 같은거 안되게 할꺼얏! 앗.  아니 동생아 도와죵... 언니 웨 말을 안들었어! 하다가 나중엔 걍 좀비영화됨.."
"396","타오르는 여인의 초상","9","한 장면 장면이 명작같아"
"397","마틸다","10","봐도 질리지 않는 영화 , 재밌습니다."
"398","킬러의 보디가드 2: 킬러의 와이프","5","유머는 유치하고 액션은 그저그럼.  전작보다 못함. 폰으로 보다가 잠이 들었으니 그럭저럭 킬링타임은 되었음."
"399","인질","10","황정민이 황정민 역이라니 신선하고 너무 재밌네요!! 간만에 심장쫄리는 영화에요!!"
"400","블러드 레드 스카이","10",""
"401","더 수어사이드 스쿼드","8","수어사이드스쿼드멤버들로 만든 가디언즈오브갤럭시"
"402","모가디슈","6","연기는 좋습니다. 액션신도 괜찮습니다아쉬운점은 류승완감독님의 전작베테랑 짝패 부당거래 에 비해 스토리가 좀 빈약합니다"
"403","서복","10","영원한 생명을 인위적으로 사람이 가질수 있다면 권력자들과 그를 따르는 무리들만 영원히 살게 되고.. 그로인해 이세상은 지옥이 될것같다고 생각하니 좀 무섭기도했는데 서복이라는 복제인간이 만약 실제한다면 영화속보다 더 끔찍한 지옥이 될것같다.. 영원한생명은 신의능력이라고 영화에도 나오듯이"
"404","모가디슈","10",""
"405","모가디슈","8","배우들의 연기력이 돋보이는 영화였네요"
"406","모가디슈","9","오랜만에 본 재밌던 영화"
"407","모가디슈","10",""
"408","마이펫의 이중생활","10","재밋어요 ~~ 와안전 재밋어요~"
"409","모가디슈","10","굿굿 오랜만에 재밌게 봄"
"410","다만 악에서 구하소서","6","많이 아쉽더라구요.. ㅜ"
"411","12 솔져스","10",""
"412","싱크홀","1","ㅋㅋㅋㅋ cg 참.. 잘모르겠네요"
"413","새콤달콤","8","이경영=루시퍼...??  그거말곤 납득이 안댐"
"414","사자","10","액션.연기.연출 모두 훌륭함^-^ 한국영화치고기대이상인데 뜨질못해 안타까움ㅜㅜ"
"415","펄프 픽션","10","ㅋㅋ 재미없다는 애들은 취향이 아니라 수준이 낮은거임.."
"416","오! 수정","1","왜 만든건지...이상한 감독"
"417","혼자 사는 사람들","10","묵직하게 와닿는 영화네요. 잔잔하지만 몰입도 있게 1인가구의 삶을 잘 반영한 것 같아요. 생각하게 하는 영화 잘 보았습니다."
"418","콰이어트 플레이스 2","7","좀 붙어있지 모하러 자꾸 흩어지노???"
"419","더 수어사이드 스쿼드","7","스토리는 애초에 기대 안했고 그냥 영상미랑 사운드, 연출 그런 쪽만 기대해서 그런지 만족"
"420","마법천자문 - 대마왕의 부활을 막아라","1","이거 보지마 그냥... 마법천자문에 진심인 저는 절대 용납할 수 없는 그런 애니였음... 원작을 안봤으면 그냥저냥 넘어갈 수 있는 부분들도 있는데 암만 그렇다 치더라도 스토리 급전개로 휙휙 넘어가고 개그라고 치는것도 20년전 수준이고 아무튼 진짜 재미가 없음. 그리고 만화책 원작을 봤으면 간지킹 혼세마왕이 저딴 작화로 그려졌다는 사실을 용납할 수 없을것임. 휙 넘어가는 부분도 아니고 몇초동안 대사치는 장면만 봐도 진짜 킹받게 못생기게 그려놨음. 그리고 동자는 어디가고 다른 캐릭터 세워놨냐. 제작진들 원작 보긴 봤냐? 캐해석도 부족하고 내용에 대한 이해 급전개로 인한 설정 변경 등등 별로인 포인트가 너무 많아... 저는 원작에 대한 애정으로 끝까지 보긴 했지만 정말 아무한테도 추천 안해줄거임;;  보지마세요. 아직도 이 영화가 궁금하신가요? 포스터 위쪽에 테두리 투명한 혼세마왕 얼굴 보세요 그럼 쿨하게 손절가능."
"421","배트맨 4 - 배트맨과 로빈","4","잊으면 안됨.이거 덕에 다크나이트 나옴 ㅋㅋ"
"422","프리 가이","10","예고편 안보고 수어사이드 스쿼드2 보고 바로 봤는데 처음엔 액션영화인줄 알았는데 장르가 조금 달랐지만 그래도 영상도 이쁘고 스토리도 마음에 들고 재밌게 봤습니다~"
"423","발신제한","4","지창욱이 여기 왜 악역으로 주연아닌조연으로 아이러니 화나면서 끝났네역대 최소비용으로 만든듯배우들 연기좋아서 잘봤는데 재미는 ..."
"424","크루엘라","10",""
"425","싱크홀","4","긴급한상황에 웃음줄라하고 그래도 재난영화인데 너무 웃길려고 한거 같은데 안웃기고 더 반감사는거 같아여  배우들의 연기는 좋으나 그렇지 못한 연출 그리고 제일 큰 문제는 OST 부분이예요 긴장감 있는 부분일수 맀는거에 발랄하게 깔고 보면서 이렇게 인어울린다고 느낀거는 처음이네요 정말 음악만 잘 깔았어도 조금 더 볼만했을거 같은데 슬프네요."
"426","싱크홀","1","난 돈주고봤지만 주변사람들이 본다하면 극구말리고싶은영화"
"427","소리도 없이","1","내가 예술이 뭔지 몰라서 그런지... 감독이 말하고자 하는 바도 모르겠고...내용 개연성도 떨어지고...아무튼 시간이 아깝다 ㅠㅠㅠ(넷플로 방금봄)"
"428","나의 소녀시대","8",""
"429","안녕, 나의 소울메이트","6",""
"430","지오스톰","10","아무 생각 안하고 봐서 그런가 존나 유치해도 나는 엄청 재미있게 봤는데 ㅋㅋㅋㅋ 형이랑 우애도 좋고"
"431","모노노케 히메","6","영상미는 좋으나 스토리가 별로. 솔까 억지로 봤다"
"432","모가디슈","1","연기는당연좋다.스토리재미없고 마지막 보면 친북영화임어이가없어짐"
"433","비바리움","10","미스터리학고 히스테리하다가  그로테스크하게  끝나는 영화.    주관적인 생각이지만  만약 해피엔딩하게 끝났다면 평점이 더 높았을 영화.  상당한 몰입감을 가지고 봄"
"434","씨 피버","6","여주도 평범한데 뭘 예쁘다고하노"
"435","젠틀맨","9","어우 정신 없다ㅋㅋㅋㅋ"
"436","1987","10","진작에 볼걸..(;´?????`)"
"437","어린 신부","10","재밌음 ㅋㅋㅋㅋ 김래원 문근영 귀여움"
"438","블랙 위도우","10","재밌기만하구만 도대체 이 이상 영화를 얼마나 더 잘만들수가있나요..???재밌게봤어요^-^ 액션영화에 여자들이 많이나오는것도 신선했고 중간중간 유머러스도해서 재밌게봤어용"
"439","대부","10","올드와 클래식의 차이를 보여주는 영화"
"440","새콤달콤","10","내가 그 시절 채수빈에 미쳤었지"
"441","대니쉬 걸","10","아름답고 매력적인 부부의 행복하든 일상이 남편에게 우연히 드러난 여성성의 체감으로 또 다른 자신을 발견하며 잠시 환호하지만 끝내 파멸로 끝나버리는 부부의 마음 아픈 이야기.차라리 몰랐어야 했는데.."
"442","파송송 계란탁","1","꼭 그렇게 신파를 넣어야만 속이 후련했냐"
"443","세인트 주디","1","빵점이다. 지루함의 끝은 어디인가."
"444","애프터 루시아","8","나뿌지 않다..우리나라의 문제점을 그대로 들여다보니.."
"445","사자","8","안성기 탁성때매 잘 안들려서 너무 답답했음"
"446","더 디그","10","담담하고 차분한 스토리 전개가 한편의 다큐를 보는 듯, 출연진들의 연기도 무리가 없었든  보물의 발견과정이었다."
"447","그린 북","10","영화보는 동안 화가 치밀어 올라 쓰러질뻔..저 시대 흑인의 삶은 진심 온몸에 사리 나올듯.."
"448","모가디슈","10","잘  만들었다  연출  리얼함 ㄷ ㄷㄷ"
"449","블랙 위도우","1","연기 - 다 별로.. 스칼렛 요한슨조차도 별로.. 중간중간 억지스러운 개그포인트 감동포인트 집어넣어서 그런지 연기가 어색함스토리 - 뻔한 진행. 마블 유니버스에 억지로 편입시키려다보니 내용자체가 그닥..영상미 - 없음"
"450","모가디슈","9","단순 오락영화 정도로 가볍게 생각헀는데, 생각보다 마음 깊이 자극하고 생각하게 하는 부분들이 많아서 좋았습니다. 안 보셨다면 꼭 보시는 걸 추천 드리고 싶어요."
"451","매그놀리아","10","그냥 대박"
"452","라라랜드","6","뮤지컬매니아들 아니면 정말 졸리는 영화다.이쁜얼굴은 아니지만 독특한 개성을 가진 엠마스톤이 귀엽게 나오는 영화다.뮤지컬 영화는 시카코 물랑 루즈가 답이다."
"453","커넥트","2","시간이 남아돌 때, 혹은 유튜브 결말포함 리뷰로..."
"454","파이트 클럽","9","도망친 곳에 천국은 없다"
"455","암수살인","10","이 영화 망한 영화로 알고 있다가 이제 봤는데, 엄청 수작이었네요. 상당히 몰입해서 봤고 김윤석, 주지훈 연기도 훌륭하고 스토리도 짜임새 있네요."
"456","슬리퍼스","9","복수의 첫맛은 달고 끝맛은 쓰더라."
"457","모가디슈","9","호불호 갈린다해서 별 기대없이 본 영화. 근데 너무 재밌어서 놀랐음... 모든 배우들의 연기가 영화에 몰입하기에 충분했고 영화에 나오는 배우들의 캐미들도 너무 웃김. 왜 호불호 갈린다고 하는지는 조금은 이해가지만 그래도 개인적으로 너무 재밌었던 영화."
"458","아빠는 예쁘다","1","배도 안탔는데 배멀미를 하게되는 영화"
"459","갈매기","10","꼭 봐야할 영화를 본 기분입니다. 많은 분들이 보셨으면 좋겠어요."
"460","테이킹 라이브즈","2","영화 전반의 완급 조절에 완벽하게 실패한 영화. 이 부분은 옛날 영화라는 이유만으로 좋게 봐줄 수도 없다. 그저 그 당시의 색감만이 좋았다."
"461","그날의 분위기","10","문채원 진짜 이쁘다 사랑해요 ♡"
"462","당신이 잠든 사이에","7","이게 뭐람.,,. 약혼남 동생이랑 결혼하다니잭과의 로맨스 연출이 조금 부족했던것 같다 노팅힐이나 보디가드같은 영화를 기대하면서 본다면 경기도 오산... 눈물이 안나는거보니 조금 아쉬웠나보다"
"463","만델라 이펙트","2","재미가 너무 없다. 결말도 특별한 게 없고."
"464","로건","10",""
"465","제인 도","10","타 공포영화들은 등장인물들에게 공감이안되고 짜증만 나게하는 장면들이 많았는데 제인 도는 등장인물들에게 공감이되고 감정이입이 됨. 연출 스토리 영상미 모두 훌륭한 전무후무의 공포영화"
"466","카고","10","향수는 그 사람을 기억하는 물건.."
"467","콜","9","엄마파워가 과한거만 빼면 훌륭합니다."
"468","디스트릭트 9","10","영화를보고 안건데 좆간이 미안하다"
"469","리미트리스","5","약보다도 강한 주인공보정"
"470","모가디슈","10","구교환 사랑해 교환아 사랑해 태준기라는 이름까지도 잘 어울려 그냥 꼭 보세요 여러분 시간이고 뭐고 두 시간이 후딱 지나가서 무한으로 예매해서 보고 싶은 정도임 ;; 다른 배우들도 멋있고 김윤석 배우님 연기력 진짜 믿고봄"
"471","제8일의 밤","8",""
"472","더 퍼지: 포에버","7","적당하게 만들어도 퍼지 시리즈는 중간은 간다. 이번 시리즈는 색다른 스토리로 신박했지만 뭐니뭐니해도 퍼지는 새벽에 쫓기고 숨고 달아나야 재밌다."
"473","내 머리 속의 지우개","10","예진누님은 연기못한적이 없으시네,, ost까지 완벽…마지막에 눈물쫙뺏다 ㅜㅜ"
"474","19곰 테드","2","후...진짜...."
"475","어린 신부","10","당시에도 내용이 불편하단 의견많았음 하지만 흥행한이유는, 문근영이 너무 귀여워서였음"
"476","통증","3","권투 격투기 이런거 잘 못보는데 징그러운 하드한장면 너무 많음. 연기자들은 나이 꽉 찬 어른인데 스토리가 초중딩 귀여니 인터넷소설 괴리감에 집중이 잘 안된다. 세상 고독은 다 씹어삼키며 치명적인 삶을사는 사연많은 깡패남주, 세상무서울것 하나없이 억척씩씩긍정발랄한여주 빚탕감을위해 한 집에 살다가 폴인럽 하지만 이루어질수없는 비극적사랑 설정도 오그라드는데 영화 마지막 권상우가 죽어가며 여주를 향한 기도 나레이션 후 정말 처음부터 끝까지 이악물며 겨우 봤음"
"477","인질","2","흠 본인 멋질라고 만든영화..?"
"478","아비정전","8","인생은 짧은 순간에서 오는 감정을 긴 여운으로 음미하는 것이 아닐까 하는 생각이 들었다. 그 순간 때문에 삶이 엇나간 나 같은 경우도 있겠지만 같은 순간을 공유하며 마음까지 나눴다면 영원을 살아가겠지."
"479","세인트 빈센트","9","이런 잔잔한 영화 너무 좋아요 보고나면 따뜻해지는 영화"
"480","혼자 사는 사람들","10","코로나로 인해 2030청년들의 어려운 시대와 비슷한 영화인 거 같습니다. 물론 영화에서는 바이러스 애기는 없지만 그만큼 현실에서도 혼자 사는 2030이 많다는게 너무 안타깝습니다. 2030청년들이 파이팅 했으면 좋겠습니다."
"481","불한당: 나쁜 놈들의 세상","8","이영화의 단하나의 실수는 신세계보다 한발 늦었다는..."
"482","싱크홀","6","누가재밌다거했냐..쓸데없이 열연ㅠㅠ먼가 억지재미 줄려고해요 너무"
"483","가려진 시간","10","기대 안 하고 봤는데 여운이 가시지 않네요"
"484","아이 엠 넘버 포","8","우리 집 강아지도 저럴려나"
"485","랑종","1","진짜 재미없습니다 보다가 잠들었습니다 보시면 제댓글이 떠오르면서 후회하실겁니다"
"486","인질","4","별로...걍재미가없음 이런영화나오는황정민도 약빨떨어진느낌"
"487","가장 보통의 연애","10",""
"488","펀치 드렁크 러브","5","주인공에게 감정이 이입되어 분노가 치밀지만 그것으로 끝...사운드트랙이 너무 튀어 씬과 따로 놀며 은유와 표현이 너무 거칠다"
"489","행복을 찾아서","10","언제든 다시 보게되도 좋을 영화,감성을 느끼게해주는 좋은 영화..."
"490","더 웨이 홈","10","보는 내내 귀엽고 눈물나고 ㅜㅜ 강아지 키운적 있는 사람이라면 꼭 보세요"
"491","꽃다발 같은 사랑을 했다","10","많은 감정을 느끼게 해준 인생 영화"
"492","사이다처럼 말이 톡톡 솟아올라","10","가본적도 없는 곳이 그리워지는 색채, 잊고살았던 감성힘들어서 그런가 그 과장됨이 좋았다"
"493","계춘할망","10","아주아주 좋은 영화. 이런 감동과 교훈이 있는 영화가 많이 만들어지면 좋겠습니다ㅠㅠ^^"
"494","모가디슈","6","진지한 주제로 오락영화를 만들려다보니 늘 어딘가 밸런스가 안맞는 류 감독님 영화"
"495","내가 죽던 날","10",""
"496","스플래쉬","10",""
"497","다만 악에서 구하소서","2","그 어느 부분도 만족 할 수 없었던 한국식 아버지 신파, 액션, 슬로우 모션으로 때려 박는 연출 마블식 히어로 아빠 액션물"
"498","인질","10","간만에 너무재밌는 액션 영화였어요~이런영화에 개연성 찾는 사람들은 판타지영화에서도 개연성찾겠죠~ㅋ"
"499","더 수어사이드 스쿼드","6","B급 갬성 너무 가득하잖아… 평점 좋길래 보러 갔는데 1이 킬링타임용으로 훨씬 더 재밌었음. 할리퀸 없었으면 보지 않았을 영화인건 확실"
"500","연인","9","거의 3번이상을 봤을 정도로 옛 사랑이 생각날 때면 떠오르는 영화다. 처음엔 우연치 않게 티비에서 봤지만 간간히 티비에서 해줄 때마다 끝까지 보는 영화인 거 같다.. 특히 마지막 배신 항구신.. 그리고 마지막 여주가 왈츠 노래를 듣다 눈물을 삼키는 듯한 울음이 정말 인상 깊게 생각이 난다.. 그 장면 때문에 자꾸 보게 되는 거 같다."
"501","인질","10","킬링 영화 조아해서 전 재밌었는데 제 남편은 그냥 그렇대요 ㅋㅋㅋ"
"502","리틀 포레스트","10",""
"503","클래식","10",""
"504","세자매","10","압권인 연기. 단 한 번의 포효로 카타르시스를 쏟아붓는. 모든 배우들이 거세게 내뿜어대는 기가 막히는 연기. 빈틈 없어 숨 쉴 수 없는. 질식할 것 같은 영화."
"505","인질","5","이 영화는 황정민 아니었으면 글쎄요... 무리하게 황정민 섭외하느라 제작비 다 쓴 느낌이랄까... 악역이나 경찰들 포스가 황정민한테 다 묻히네요 스토리 개연성도 없고..."
"506","와일드라이프","10","마지막장면 가족사진찍을때 안타까웠어요"
"507","더 레슬러","9",""
"508","반딧불이의 묘","10","영화 원작소설 민주당 참의원, 감독 일본 공산당원. 우익찬양 영화 아님. 이사오감독은 쉽게 포기하는 젊은이들에 대한 비판과, 일본에서 전쟁영화를 만들지 않는 것(전범국이라 숨기고 싶어함) 때문에 만듦. 죽지 않을 수 있었는데 오빠가 트롤짓해서 이렇게 된 영화임. 한국기자가 취재했을 당시 이사오감독은 한국인 입장에선 당연히 피코라고 느낄 수 있다고 본인도 인정함."
"509","치욕의 대지","10","가슴 한켠이.. 먹먹하다.."
"510","발신제한","7","원하던 결말은 아니지만 긴장감있게 볼만했음"
"511","컨테이젼","10","2번봤는데 처음보다 2번째 볼때 더 공포스럽네요. 감독 누군지 정말 놀랍습니다. 지금 하는 방역시스템이 이 영화보고 만드는건 아닌가 의심스러울정도. 백신 생일별로 주는거나. 거리두기3미터며 등등 ."
"512","어른들은 몰라요","10","이 영화가 불쾌하고 찝찝하단 사람들은 행복하게 사신겁니다인생의 밑바닥까지 떨어져본적 없으니 공감을못하는게 맞죠누군가는 내일을 기대하며잠들었을텐데난 밤마다 아침에 눈뜨지않게 해달라고 신에게 빌었어요나도 불쾌하고 찝찝하면 좋겠어요. 공감되어 같이우는게 아닌..."
"513","존 카터: 바숨 전쟁의 서막","10","내용도 신선하고 전체적으로 너무 재밌게 보았는데 아직도 2편이 나오질 않네.. 2편 좀 만들어 주었으면..."
"514","아틱","10",""
"515","미드나잇 익스프레스","6","빠삐용 정도의 고전을 기대했는데....그정도는 아니었던것 같고..그냥 한번 볼만한 수준"
"516","레드라이트","1","허접한 전개방식 그리고 연출, 이 영화 평점 높게준 애들 영화보는 수준 딱 그정도"
"517","모가디슈","10","오랜만에 정말 잘 만든 영화 봤습니다!!"
"518","50/50","10","안나켄드릭을 좋아하게 만든영화암투병이야긴데 신파없이 쿨하게 잘만들었어요"
"519","퍼니셔","10","십 수년전에 첨봤는데 오늘 다시봐도 명작"
"520","싱크홀","10","너무 재밌기도 하고 슬프기도 했던 영화이고요 눈물이 많은 편이라 그런지 눈물 나는 씬도 많았고요 너무 만족스럽고 돈이 아깝지 않았던 영화 같아요"
"521","부당거래","10","와우~  정말 오랜만에 보는데 보면서 놀람의 연속이네용!  배우들의 스케일이.. ㅎㅎ"
"522","싱크홀","10","가볍게 즐겁게 봤어요:)내용과 전체적인건 좋았어요! 지루하진 않았고현실감있는 코메디도 있고 현실과 공감되는 부분도 있고 근데 디테일한 촬영기법이나 각도  연출이 부족해 배우들 연기를 못받쳐 주는거 같아 영화 몰입과상황의 몰입이 떨어지는 기분 ㅡㅡ  내가 배우들의 감정에 공감하기보다 제 3자의 시점으로 보게되요 ~촬영연출의 디테일과 꼼꼼한 있음 더 좋겠어요 영상미다소 아쉬움"
"523","이보다 더 좋을 순 없다","8","아쉬웠던 부분은 남주의 변하는 모습을 보여주려 하는 것 때문에 오히려 관계진전에 있어 개연성이 낮아 보이는 연출이 되지 않았나 생각되네요"
"524","사바하","4","여운과 심해의 사이 그 어딘가"
"525","덩케르크","6","실제 그랬을까? 사실성 표현에 의문이 들지만... 명확한 설정과 감성자극이 적절하다."
"526","모가디슈","10","너무 재미있게 잘 봤어요! 믿고 보는 배우들이라서 몰입감도 좋았어요~"
"527","부당거래","10","정말 몇년만에 다시 보니 깜놀함 조연,단역배우들…..ㄷㄷ"
"528","블랙 위도우","7","내가 본 마블 중 제일 재밌었다"
"529","유열의 음악앨범","10",""
"530","천공의 성 라퓨타","10","진짜 감동적임 지금 개봉해도 극찬할 영화"
"531","인질","4","시대에 안 맞게 90년대 클리셰의 표본이었으며 어떤 배우가 주연 제의를 받든지 솔깃하게 만들 시나리오이었을 듯싶으나 세심하지 못했던 작품 선택이지 않았을는지..., 황정민 배우의 심리 전술이나 액션은 개연성이 떨어졌습니다. 결론은 비추천."
"532","남한산성","10","이거 진짜 웰메이드임... 사극영화 좋아해서 웬만한 한국 사극영화는 다 챙겨봤는데, 이것만큼 잘 만든 영화 없음 진짜.  이병헌 김윤석 박해일 이 세명 나오는거에서 일단 배우들 연기력은 말할 필요도 없고, 연출과 각본이 너무 훌륭함.  유치한 허구적 내용이나 오락용 전투씬과 신파 장면? 이런거 하나도 나오지 않고 작품성으로 승부하는 영화임.  역설적이게도 너무 잘 만들어서 작품성에 비해 흥행하지 못한 작품. 병자호란 당시로 타임머신 타고 카메라 들고 가서 찍은 것처럼 굉장히 사실적으로 만들어서 덜 흥행한듯함... 병자호란이 뭔지 모르는 사람들이나  흔하디 흔한 B급 사극영화에 입맛이 길들여진 관객들 제외하면 대부분 9~10점을 줄 만한 영화임. 최애 영화 꼽을때 항상 다섯손가락 안에 꼽는 영화."
"533","파리의 인어","8","급작스러운 전개에 개연성은 떨어지지만 미술감독이 열일했어요 음악과 무대, 아기자기한 소품이 너무 마음에 들었습니다 눈이 즐거웠어요"
"534","목격자","1","범인이 매일같이 스토킹하는데 자신이 신고를 안하면 안죽일거라고 생각하는 멍청한 주인공과 그냥 슬금슬금 따라다니면 저 사람이 무서워서 신고를 안하겠지 라고 생각하는 초현실적인 범인"
"535","모가디슈","9","단점과 진부한 면이 있음에도 박수칠수 밖에 없다. 이걸 어떻게 찍었나 하는 생각이 계속 든다. 특히 카체이싱씬은 흔한 액션영화에서 볼 수 있는 카체이싱과는 결이 완전 다르다. 이크에크 택견같은 카체이싱인데 쾌감이 미쳤다. 전체적인 무드가 좀 더 건조했더라면 류승완은 거장이 되었을거란 생각에 약간은 아쉽지만 정말 잘 만든 영화다."
"536","인질","7","좀 잔인하지만 재미있었어요"
"537","싱크홀","8","네이버 평 보고 안볼까 하다가 그냥 봤는데 생각보다 재밌었다 ..상황이 넘 무서움 ㅠㅠ"
"538","인질","8","오랜만에 영화 보는 내내 몰입하며 봤습니다."
"539","사냥의 시간","10","이거 재밌는데 왜 평점이 이러냐 진짜 잘 만든 영화인데 너무 저평가 된거 아닌가"
"540","브이아이피","10","이종석 연기너무 유치한데 ㅋㅋ 진짜 팬심이 무섭다 ㅋㅋㅋ 이종석보다 차라리 중간에나온 조우진이 더잘하구만 불필요한묘사가 아니라 이 영화에 나올법한 장면이고 잔혹하고 그런 영화 요즘 선동질하는 여자들 때문에 잘 없는데 장동건김명민박희순배우로 볼 수 있어 좋았음 ㅋㅋ 악마를 보았다 같은 순수 악 영화 많이 나오길 장르가 맞지않는 얼빠들은 안보면되는데ㅠ ㅋㅋㅋ"
"541","우견아랑","10","역시 윤발형님의 영화 우견아랑  지금봐도 너무 재밌고 감동적인 영화입니다"
"542","올드","8","현 최고 베뎃이 정말 공감이 안됨"
"543","모가디슈","10",""
"544","혼자 사는 사람들","4","보는 내내 숨막히는 영화...두번은 보고 싶지 않다."
"545","더 웨이 홈","10","반려견과 사는 사람으로서 상상만해도 눈물이 앞을 가리는 640km..."
"546","조 블랙의 사랑","10",""
"547","혼자 사는 사람들","2","평점 알바가 많아서 어쩔 수 없이 별한개로 드립니다.사실적인 연출은 맞지만, 얼토당토 중간 쓰잘대기 없는 서사가 정말 맘에 안드네요.왜 주인공한테 귀신이 보였는지 정황설명조차 없네요. 미쳤나요 감독님?"
"548","계절과 계절 사이","8","감정선 좋다 이전에 보다 치워놨었는데 다시 보니까 느낌이 다르네.."
"549","봉오동 전투","8","전쟁앞에 이분법이 아닌 다른것이 존재합니까? 전문가 평점 참 감성적이네요. 그 어떤 감정과 묘사를 더 넣었어도 사실보단 턱없이 부족할텐데요..라고 생각했습니다. 좋은 영화 감사합니다."
"550","낙원의 밤","8","볼만함 냬용은 예상되지만 잼"
"551","잔칫날","9","중간 행사 때 진짜 울화통 터질 뻔 했지만... 바보 덕분에 간신히 참았네요. 현실적인 부분도 많이 느껴지고 펑펑 울었습니다 ㅜㅜ 배우분들 연기력 정말"
"552","대공습","10","수년전 본영화지만   기억에 남는   전쟁영화"
"553","모가디슈","9","90년대 소말리아 내전을 속에 있는기분가슴아픈 실화.. ㅜ연출 스토리 연기 모두 굳굳 ^____^"
"554","랑종","1","어쩐지 홍보를 참 이상하게 열심히 하더라니..."
"555","코코","10",""
"556","소울","10","기대안하고 그냥 디즈니픽사영화라 가벼운힐링용으로 봤다가 펑펑울음..지금 내 현실에 딱맞는 너무나도 큰위로를 준 영화임.. 주변의 백마디 위로보다  이 영화가 주는 메세지가 내가 너무나 와닿아 눈물이 펑펑났다 .. 살기싫어질때마다 보고 위로받고싶다ㅠ"
"557","폭풍의 언덕","10",""
"558","몬스터 헌터","1","적당히 재미없어야지 진짜. 스폰지밥 1개 에피소드 보는게 백배는 낫겠다"
"559","악마를 보았다","8","최민식은 이 영화 찍고 정신과 상담 받았어야 할것 같네요.."
"560","베테랑","10","재미있어요 추천합니다"
"561","보통날","6","일상적 착취와 갑을 관계"
"562","인생은 아름다워","9","아..가슴이먹먹하다.  부성애가엄청나네."
"563","먼 훗날 우리","10","남주 여주가 현재와 과거를 드나들면서 이야기가 전개되는데 이야기의 초중반부의 현재는 흑백이지만 후반부는 컬러가 있는 장면이 연출된다. 유심히 보면 왜 그런지 알 것이고 그 부분에서 디테일 하다는 것을 느낄 수 있다. 남녀 간의 사랑을 주제로 한 거지만 남주와 남주의 아버지 즉, 부자간의 사랑도 엿볼 수 있다. 영원함이란 없는 것... 있는 동안에 소중함을 느껴야한다는 걸 다시 한 번 깨닫게 해준 영화..."
"564","진시황의 검","6","주연배우 주진모 jk김동욱ㅋ.ㅋ이영화가 유일하게 내세울점은 무술액션이 시작하기 직전에 가오잡는거. 상당히 멋있음 주연배우끼리의 액션합도 그런대봐줄만하고 부족한 cg를 속도조절과 카메라 무빙으로 때우려한 시도도 많이 어설프지만  좋았음. 근데 주조연급배우 몇을 뺀 나머지 엑스트라 포함 모든 연기자들은 그냥 마치 몸에 장애가 있나 싶을정도로 움직임이 부자연스럽고 무표정한 얼굴로 연기하는데 못봐주겠습니다. 무엇보다 여러 영화들에서 보았던 주요장면들을 많이 따라한게 너무 티가나서 몰입할수가 없음 칼셔틀 여주인공이 연기는 많이 부족한데 이쁩니다. 보급형 탕웨이 혹은 보급형 하지원 정도ㅎㅎ결론은 정말 돈을 얼마나 받았길래 올레티비는 뭐 이런 어설픈 영화를 그렇게 광고해댄건지 이해는 안가지만 영화가 어렵지 않고 반전없고 색감도 적당해서 눈도 안피곤하고 전개가 빨라 시간은 금방갑니다 돈내고 볼영화는 아니고 정말 할일없고 시간 빨리보내고 싶을때 볼만한 영화 다봤으면 보세요ㅎㅎㅎ"
"565","혼자 사는 사람들","8","돈좀 들인 왠만한 영화보다 낫다. 무심한듯 투명한 주연배우의 연기도 썩 잘 어울리고 감독의 연출도 깔끔하다. 포장해 온 빙수 꺼내들고 영화를 보기 시작했는데, 편의점 음식과 함께 TV앞에 앉은 주인공 모습이 지금의 나의 모습과 닮아서 서늘했다."
"566","바람이 분다","5","마지막 파아란하늘에 수많은 제로센이 나는걸보면서 내가 일본인이라면 어떤 감정을 느낄지 상상하며 보았다. 아마 안타까우면서도 뜨거운 애국을 느끼지않았을까. 부숴져 흔적도 찾기힘든 비행기, 그 후로 나오는 깨질듯이 맑은하늘 위에 나는 제로센, 국가를위해 목숨바쳐싸운 영웅의 인사.. 아름답지만 슬픈.. 미야자키하야오가 일본을 비판하고, 전쟁을 비판하며 그린 영화라해도 마지막장면은 결국 그렇게 생각된다..왜하필 실존인물이었을까?현실의 그는 사람을 죽이는 비행기라는 걸 알고있었고, 본인의 일에 성과를 올리면 기뻐하고. 제국주의 일본, 자국을 위해서 살아온.. 그냥 유능한 일본제국주의 직장인이었다.  그런사람을 영화에서는 마치 아무것도 모르는 순박한 청년이 나라에 꿈을 희생당한 양.. 그린것이.. 보는 내내 불편했다. 호리코시 지로가 카미카제에 회의적이었던건 왜일까, 본인의 비행기가 전쟁에 쓰이고 많은사람들이 희생당해서? 아니. 미야자키하야오 감독이 그린 지로는 그럴지몰라도 현실의그는 그저 일본이 승산이 안보이는 일에 승부를 걸었기 때문이라 생각한다. 그 이상의 이유가있을지.. 줄줄 길게 적었으나 한마디로 말하면 전쟁은 미화하지않았으나, 전범은 미화된 작품이다. 저는 이 작품을 추천할 수가 없습니다.."
"567","야반가성","6","The Phantom Lover"
"568","나를 잊지 말아요","8","네이버 평점 왜이래 다 보지도 않고 1점준게 많아 미스테리는 뭐얔ㅋㅋㅋㅋ미스테리가 아닌데!! 난 잼게 봤다~ 힐링타임"
"569","곡성(哭聲)","10","관객의 혼을 쏙 빼놓는 영화. 끝까지 누굴 믿어야할지 긴장을 놓을수가 없다."
"570","모가디슈","10","재밌어요!! 러닝타임 긴 편인데 시간 후딱!! 조인성 연기 너무 좋았어요!!"
"571","내가 죽던 날","8","이정은 님의 연기 최고"
"572","프렌즈 위드 베네핏","10","제 신념(?)과 같아서 아주 공감하며 부러워하며(?) 봤습니다^^"
"573","어톤먼트","8","내용과는 별개로 너무도 아름다운 색감과 영상미에 눈을 뗄 수 없는 영화. 배우들 간에 오가는 눈빛 연기가 절절하고, 그 감정표현이 섬세해서 순간의 기류에 몰입하게 됨. 하지만, 영화를 보는 내내 이게 추리 영화인지 사랑 이야기인지 전쟁영화인건지.. 전개가 좀 매끄럽지 않았음. 전쟁터에서의 제임스의 지친 모습과 텅빈 눈동자가 키이라 제임스 커플의 비극을 더 극대화시킨 것은 맞지만 흠... 전쟁터에서의 모사가 너무 길지 않았나 싶다. 그보다 브라이오니의 입장을 더 전달하거나.. 키이라 제임스 커플의 모습이 더 나왔다면.."
"574","보디가드","10",""
"575","28세 미성년","10","이게 왜 평점이 6점인지 모르겠다앙...ㅠㅠ나는 진짜 이 영화 볼때마다 느낌이 다른데,,,내 기준 인생영화였음..왕대륙 니니 너무 잘생쁨이고ㅠㅠ난 이 영화 갠적으로 스토리가 넘 좋음?,잃어버리고 살았던 내 자신을 다시 되찾는 스토리...갠적으로 마음이 뭔가 공허하고 무의미 하다 느낄때마다 봄"
"576","스프링 브레이커스","10","생각없이 보기 좋고 귀가 즐거울 정도로 나오는 OST들이 명곡 인데,브리트니 Every time 나오는 부분이 특히 마스터피스임"
"577","레이디 버드","9","독립하던 시기에 봐서 그런지 더 내 이야기같고 공감되고 뭉클했던 영화. 부모님 생각과 철없던 사춘기때의 내가 생각난다."
"578","프리 가이","8",""
"579","싱크홀","2","시작하고 10분만에 나오고 싶었다 진짜 .."
"580","인질","4","아니 황정민 강성구 불러놓고 뭐하는거냐 현실성이 1도없네 애초에 납치면 특공대가 와야지ㅋㅋㅋ 경찰이오고있냐"
"581","캡틴 아메리카: 시빌 워","2","짜치는 철학을 바탕으로한 기획으로 관객낚은영화 개연성도 그지같음"
"582","하울링","6","훔. 머. 전체적으로 스토리가 나쁘진 않았고.이나영을 제외하고는 베테랑 배우들이라 연기가 괜찮았다.좀 불편했던건. 왜 남자들은 다 ㅂㅅ같이 만들어놓고.갓 입사한 여자형사만 멀쩡하게 그렸는지. 좀 보기 불편했다.마지막에 이나영 목소리도, 연기도 좀 별로였음."
"583","소울","10","디즈니 픽사 정말 안좋아하는데 감명깊게 봤어요 대여로 구매했는데 소장으로 살걸"
"584","이스케이프 큐브","1","이거 므야? 황당시럽다!!!  갑자기 납치되서 나 보다짱나서 나옴!!! 내가 먼저 탈출!!! 진짜 콱!!!"
"585","보스 베이비 2","5","전작과 이어서 봤는데 너무 조잡한 분위기... 재미도 별로 안느껴졌다 전작을 봤다면 후편은 안보길 바람 네티즌 평점 주작 느낌"
"586","역모 - 반란의 시대","1","정말 사극풍영화 좋아하는데 이건 아니다"
"587","김씨 표류기","10","두김씨가 서로에게 관객이 두김씨에게 위로받는 영화"
"588","비정한 도시","7","일단 출연 배우분들 연기는 다 좋았습니다.평점이 너무 낮은 거 같은데, 모든 사건이 서로 얽히고 얽힌 스토리가 저는 재미있었습니다."
"589","뺑반","2","이 배우들 연기 가지고 이정도 영화밖에 못 만드는 것도 재주네요 참+ 류준열씨 연기는 불편함"
"590","인질","1","보지마세요….시간 낭비했읍니다…"
"591","테넷","10","제2의 인셉션이 나왔구먼 껄껄 근데 등장인물정보에 스포가 있음ㅋㅋ"
"592","더 퍼지: 포에버","8","깔끔하다~  역대 퍼지보다 군더더기가 없다"
"593","대부 2","10","평점을 메길 수가 없다.."
"594","블랙 팬서","9","말이 필요없다. 와칸다 포에버~"
"595","007 스펙터","2","고만하자고만하자고만하자고만하자고만하자고만하자고만하자고만하자고만하자고만하자고만하자고만하자"
"596","모가디슈","8","억지감동이나 늘어지는 부분 없이 꽉찬느낌"
"597","안나","10","재밌습니다 8번은 본 것 같아요 추천합니다"
"598","인셉션","10","명작이란 몇 번을 봐도 질리지 않는 영화라 생각한다. 인셉션은 이미 몇 번을 보았는지도 모르지만 다시 봐도 질리긴커녕 새롭다."
"599","모가디슈","10","코로나 아니였으면 관객수 1000만 찍었있을지 궁금해지는 영화임 재밌음."
"600","마법 관리국과 비밀요원들","8","50대가 봐도 재밋음"
"601","조제, 호랑이 그리고 물고기들","10","너무 감동적 이렇게 재미있는거 처음"
"602","역모 - 반란의 시대","2","대사가 영..TV사극 보다 못하다 연기들도 그닥 이고  영상도 뭐 칼질만 한다  전개가 지루하다  연기 못하는 애들은  하던 캐릭터나 잘해라  그나마 평타 치는   이미지 깍아 먹었다"
"603","혼자 사는 사람들","10","내 가슴이 10점을 주라고 해서 10점"
"604","향수 - 어느 살인자의 이야기","10","정말 보지않고서는 느낄수 없는 최고의 영화입니다."
"605","스워드피쉬","8","영화신세계가 여기서 잠입모티브를 가져왔나 의심의 눈초리로 쳐다봄."
"606","배트맨 비긴즈","10","What you do that defines you"
"607","싱크홀","6","별로 감동적이지도 않고 말이 되나 싶음 영화를 보고 현실에서 싱크 홀이 일어나면 그냥 죽겠구나 싶음"
"608","친절한 금자씨","10",""
"609","혼자 사는 사람들","10","잘가요. 만나서 반가웠어요. 못챙겨줘서 미안해요. 내가 잘못했어요."
"610","인질","1","정말 재미없음 왜 이런 영화를 만들었는지를 모르겠음 배우들이 자기 필모에 있는 것 중에 가장 창피한 영화가 아닐까 싶음 너무 유치하고 90년대 한국영화도 이정도는 아님... 꼭 보고 싶은 사람들 황정민팬 혹은 감독 지인이 아니면 안 볼 것을 정말 추천함 ㅋㅋ 돈아까움"
"611","타짜: 원 아이드 잭","4","윤제문 마귀 역할 연기 최악의 캐스팅과 연기력 보면서 재미와 감동이 싹사라짐 연기도 너무 못했고 매력도 카리스마도 특색도 없는 그냥 양아치같은 연기 가벼워도 너무 가볍게 나왔음 ㅡㅡ 최악 타짜1 타짜2의 김윤석 아귀랑 비교할수조차 없이 매력도없고 연기력도 최악이었음 ㅡㅡ"
"612","모가디슈","10","주변에 추천하고 싶은 영화입니다. 배우들의 연기도 좋고 역시 류승완 감독님 작품이라서 재밌고 액션씬도 훌륭하네요!!"
"613","메이드 인 루프탑","6","주인공 경이로운 소문 악귀 생각나서 보는 내내 몰입도 떨어졌어요 ㅜㅜ 눈빛이 계속 무섭.."
"614","파운더","9","10+점...뻔한 내용이겠거니...했는데...머리가 띵~~~뭐라 표현하지 못할...머리가 갑자기 복잡해짐...추천합니다..."
"615","모가디슈","6","딱 60점짜리 류승완표 영화! 깊이부족, 오락성으로 매꿔가지만, 거기까지,,딱 그만큼"
"616","은교","10",""
"617","싱크홀","6","그렇게 재미는 없네요그냥 차승원 이광수 개그만 재밌음"
"618","블라인드 사이드","10","굿 너무너무 감동입니다"
"619","거인","10","누군가를 돕는다는 게 선의에서 비롯되어 감동을 낳는 것만은 아니라는 걸 깨달았다."
"620","모가디슈","10","스토리 액션 연기까지 완벽했습니다.. 오랜만에 한국영화 명작 같아요.. 코로나 없으면 훨씬 흥행했을 법한. 현재 아프간 상황과도 맞아떨어져서 더 실감나고 억지 신파극도 아니여서 너무 좋네요. 특히 이 정도 퀄리티 액션은 정말 오랜만 같아요."
"621","매트릭스","10","진실을 마주하느냐 거짓에 안주하느냐"
"622","싱크홀","1","초딩때 봤으면 아주 만족했을 영화에요^^ 아쉽게도 성인이 되고 봐서 그런지 ^^ 억지스러운 개그에 긴장감이란 1도 없는 영화^ 배우들 연기마저 정이 떨어지는 영화였어요^^  평소 즐겨보고 응원 하는 배우들이 였는데 하하 ^^ 보는 내내 광대뼈가 발가락과 닿을 락 말락 했어요 ㅎㅎ 최악의 영화를 돈주고 보게 해주셔서 감사합니다 ㅎㅎ 감상포인트는 시간이에요 ㅎㅎ 언제 끝나나 시계만 봤거든요 ㅎㅎ"
"623","백악관 최후의 날","5","액션과 스토리 사이의 지루함"
"624","록키 4","4","당시에는 재밌었으나 지금보면 상당히 단순한 논리의 스토리,1편과 2편의 진지한 성찰은 하나도 없이 오로지 오락성으로만 만들어서 엉성하다"
"625","모가디슈","10","재밋고 의미도 잇고 다들 보세요~"
"626","당신, 거기 있어줄래요","10","뭉클했지만 눈물보다는 추억과감동이 앞서는 영화!"
"627","마이너리티 리포트","10","이영화가 2002년도라니…무슨 타임머신을 타고 온건지…지금 2021년에 나온 영화라고 해도 전혀 이상하지 않은…진짜  깜~짝~ 놀랬다!!"
"628","악질경찰","10","세월호 사건을 다시 생각해보게끔하는 영화"
"629","스타워즈: 라이즈 오브 스카이워커","1","진심이냐? 명작 스타워즈를 이렇게 망쳐놓는다고?"
"630","랑종","5","다양한 장르를 한데 모았는데 통합에는 실패한 느낌뒤로갈수록 자극적이고 무서운 분위기 만들고싶은 것 같은데 앞에 쌓아온 것들이 고조되서 터진다기보단... 엥? 으잉? 음... 하게됨"
"631","돈","8","꿀잼^^ 한번에 인생 역전되는 순간이 넘 보기좋았음ㅋㅋ"
"632","모가디슈","8","군함도서 신파 국뽕으로 욕 먹고 정신차린 좋은 예"
"633","빅쇼트","8","발상의 전환과 과감한 투자로 대박.  도대체 금융부실 서브프라임 책임은 정부의 무능력과 안일함"
"634","몰리스 게임","7",""
"635","올드","7","시도는 좋았음. 영상으로 보는 것보다 글로 읽었으면 훨씬 풍부한 색감을 느낄 수 있었을 뻔. 영화는 불필요하게 친절해서 다소 교훈적 종교적임.  ost 아름다움."
"636","1917","10","극장에서 본 눈 사고싶다ㅠ 이런 개띵작을 놓치다니 재개봉했던거지만 또 할거라 믿고 존버한다"
"637","프리 가이","10","싱크홀보고 더러워진 기분을 프리가이보고 정화함… 올해 본 영화중에 제일 재밌게봄 영화가전반적으로 밝은 느낌이고 유쾌하게 풀어나가는데 주책맞게 뭔가 눈물날것 같았던 부분들이 있었다."
"638","익스트랙션","8","햄식이의 재발견, 사주도 연기 미친놈이다"
"639","비스티 보이즈","8",""
"640","모가디슈","2","정만식 때매 망함..."
"641","하이 라이프","1","60년대에 만들어졌다고 해도 믿을만큼 뒤쳐지고 불쾌한 학대 감성"
"642","모가디슈","10","재밌어요 시간 가는줄 모르고 봤어요"
"643","열혈남아","2","시대를 잘타고나서 점수가높네 암유발케릭터들 보는내내 힘들던만 그냥 쓰레기 막장영화1점은없너"
"644","1917","10","와 이건 원테이크의  끝판왕. 물론 긴분량이라 처음부터 끝까지 원테이크 간거 아니지만  정말 티안나게  적재적소 잘 전환하여 사용한 영화이다 원테이크이면 현장분위기 느낄수 있다. 전쟁영화에서 원테이크 간거는 정말 대단하다는 생각밖에 안든다. 정말 준비를 제대로 한 영화라는게 영화를 보는내내 느껴진다.  촬영, 배우 , 스토리, 영상미, 정말 퍼펙트하다. 이런 영화를 볼 수있다는게 감사할 따름이다 원테이크 기법으로 촬영한게 신기할 따름이다  감독 대단s"
"645","빛나는 순간","10",""
"646","사이다처럼 말이 톡톡 솟아올라","10","영화를 보고후 후유증이 길었다.."
"647","기묘한 이야기 시즌1","9","넷플릭스가 살아남은 결정적 이유...기묘한 이야기...한류드라마들 만큼 대단하다"
"648","인질","7",""
"649","이태원 살인사건","10","이영화는 감동을 떠나 진실을 알려 살인범을 잡는데 기여를 했습니다. 일반시민의 한사람으로 진짜 감독님께 감사드립니다."
"650","왕의 남자","10","이준기 아름답다. 거짓말 아니고  10번 이상 봤다. 이준익 감독 영화에 인간애를 표현하는 방식이 나는 항상 너무 맘에 든다. 시대와 국적 신분의  높낮음  남녀노소 부모자식 ..다 떠나서 그 위에 아름다움과 예술, 그리고 인간이 있다. 감독이  추구하는 작품 가치관이 느껴진다.  아마  인간본연의 아름다움이 아닐런지.... 인간본성 깊은 더러움을 파헤치는 어느 감독과는 달리 이준익 감독영화 끝나고 나면 사람은 아름답고 깊다 라는 걸.. 맘이 따뜻해지고 늘 좋습니다."
"651","인질","4","황정민배우님한테 영화 제작비가 다 들어간거 같아요 연기 진짜 너무 잘하심 하지만 연기에 비해 연출,내용, 다른 배우들 연기력은 별로ㅠㅠ 긴장감은 좀 있지만 연기력과 내용이 너무 별로였음 시간때우기용"
"652","슬립타이트","5","보는 재미는 그럭저럭 있는대 보고난뒤 기분 더럽구 추잡스런 느낌 진짜 뒷 끝 견같은영화임"
"653","아수라","10","와.. 누굴 대입시켜서 보니까 이렇게 무서운 영화가 없다 ! 연기도 잘하고 스토리도 좋았음. 정우성님의 역할에 몰입되서 봤음"
"654","섀도우 클라우드","1","어이없다는 말이 저절로 .. 헛웃음과 함께 계속 어이가 없음 클로이 모레츠 얼굴 감상 영화..."
"655","랑종","10","내가 본 최고의 공포영화 !"
"656","혼자 사는 사람들","9","진아의 손을 따뜻하게 잡아 주고 싶다."
"657","트럼보","9","시대는 바뀌고 가치는 결국 제 빛을 본다"
"658","다크 나이트","4","히스레져 연기를 뺀다면....역시 배트맨은 배트맨2"
"659","낙원의 밤","1","양사장 중간중간 대사할 때마다 몰입도 훅훅 떨어지네... 거의 다 죽어가던 시체였는데 발음도 정확하고 목소리에 생동감 있는게 너무 비현실적이네요. 이럴거면 차승원 역할에 비중을 조금 더 싣고 이야기를 끌어가는게 훨씬 괜찮았을 것 같은데 아쉽네요. 많이 아쉽습니다... 주연 분들 연기력이 대본이랑 연출에 묻혔네요"
"660","영블러드","10",""
"661","로마의 휴일","10","보는 내내 입가에서 미소가 떠나질 않는다"
"662","프라미싱 영 우먼","6","캐리멀리건 때문에 지루하지 않게 보긴 봤다만..시나리오 작가로 가야 되나 뭐 이딴게 아카데미 각본상 이야"
"663","넛잡: 땅콩 도둑들","7","개인적으로 내취향임"
"664","귀여운 여인","8","뻔하고 진부하지만 줄리아 로버츠는 빛난다"
"665","이층의 악당","8","간만에 생각없이 웃었어요~  기대없이 보기엔 나쁘지않았답니다 ㅋㅋ결말이, 뜬금없기는 했지만, 그것또한 그러려니하면 될듯해요 ㅋㅋ"
"666","백 투 스쿨","7","대단한 걸작이나 명작은 아니지만 그렇다고 졸작도 아니다"
"667","미드 90","8","난 저런 추억도없고 인생이 그냥 저냥 무난하게 흘러가네 ㅜ ㅜ 노잼"
"668","블랙 팬서","1","CG가 발전하면, 연출과 스토리도 같이 발전해야하는데....이런 진부한 히어로물"
"669","아이언맨 3","10","무조건 수트로 다 때려 부수는게 아니라, 수트의 약점도 많이 나오고 주인공이 쌔가 빠지게 만든거 다 깨지고, 다채로운 기능을 탑재한 대신 내구성이 떨어지는 현실적인 모습이 재미있었습니다액션씬도 화려했구요!"
"670","비트","1","온갖 클리쉐는 영혼까지 끌어모은 겉멋든 연출과 .겉멋든 연기. 영화든 인생이든 호락호락한게 아니란다."
"671","프리 가이","8","속이 풀리는 재밌는 영화.."
"672","오션스8","10","여자끼리 다 해먹으면 충분한거 아닌가요"
"673","호텔 뭄바이","8","이슬람..사악한 종교인가...아니면 무슬림들이 지식수준이 낮아 사악해 지는건가.."
"674","클레멘타인","10","고전 명작임. 명불허전"
"675","인질","1","테이블에 쏟은 삼선 짬뽕 !!평점은 1"
"676","삼진그룹 영어토익반","10","나쁜놈들이 벌 받는 통쾌한 이야기"
"677","신신방: 나타중생","2","동해시가 어딨어 중국에 ㅡㅡ 동해용왕에.. 야차도 한국 귀신아니냐고...나타지마동강세를 너무재밌게봤는데 이번시리즈 동북공정개빡.."
"678","어바웃 타임","10","언젠간 봐야지 하다가 이제서야 보게 되었는데, 좀 더 일찍 볼걸ㅋㅋ"
"679","희생부활자","10","음주운전 시청각 교육에 최고일것 같네요"
"680","모가디슈","8","추천합니다"
"681","언노운 솔저","10","최근 본 영화중 가장 몰입도가 높았습니다 극사실적인 전쟁영화라서 여운이 깊게남네요 영상도좋고 연기도좋고 너무 재미있게봤습니다"
"682","오아시스","10","가장 좋아하는 색이 뭐에요? 가장 좋아하는 계절이 뭐에요? 공주마마의 가장 순수한 질문이 나를 돌아보게 한다."
"683","굴뚝마을의 푸펠","10","올만에 일본애니 띵작이다"
"684","메기","10","연출이 되게 좋았고여러번 봐도 볼때마다 여러가지 생각을 하게되는거같아요"
"685","제인 에어","10","차분한 분위기에 천천히 감상할 수 있어서 좋았어요 감사합니다"
"686","혼자 사는 사람들","1","노잼이다 절대 시작도하지말것"
"687","캅 랜드","10","엥?? 생각보다 평점이 낮아서 놀랬다. 액션만 난무하는 판타지 영화보다 빠져들게 하는 이 영화가 너무나 재미있었다. 정말 명작이다."
"688","워리어","10","한경기한경기 손에땀을 쥐며여자취향도 저격하네요"
"689","어벤져스","10","그동안의 MCU의 단독 영화들이 하나의 세계관으로 연결되어 있다는 걸 전면적으로 드러낸 정말 흥미로운 영화였습니다!정주행을 하면서 새로운 재미를 많이 찾아볼 수 있었습니다."
"690","크루엘라","10","엠마스토온~~~~ 이 다하는 영화."
"691","12피트","10","개인적으로 재미있게 봤습니다ㅔ"
"692","고래사냥","10","한국 로드 무비 중 최고의 로드 무비 아닐까 싶다.안성기의 연기도 여기서 최고인 거 같고. 바보들의 행진보다 훨 좋다! 근데 이대근이 제일 멋있는 거 아니니 ㅎ 서울 올라오거든 돈 가지고 와서 네 시계 찾아가라."
"693","인질","9","노빠꾸 직진 영화! 쫄깃쫄깃 시원시원!"
"694","모가디슈","10",""
"695","봉오동 전투","10",""
"696","인생은 아름다워","10",""
"697","모리타니안","10","개인의 인권에 대한많은생각을 하게 합니다과연 국가가 개인을지켜주는  그런일이...."
"698","파이프라인","2","전개가 너무 뚝뚝 끊기는 느낌"
"699","혼자 사는 사람들","10","나도 2002년으로 돌아가고 싶다.삶이 팍팍하다. 집을 어떻게 살지 취업은 언제까지 준비해야 하는지 현실에서 벗어나고 싶다"
"700","싱크홀","1","7광구 감독님이었구나.."
"701","극장판 귀멸의 칼날: 무한열차편","10","렌코쿠 멋잇따...."
"702","싱크홀","2","장난하냐  영화 꼬라지 하곤  잼 하나도  업다"
"703","크루엘라","10","오랜만에 진짜 재미있게 봄 아바타급 임"
"704","블랙 위도우","10","올해 본 영화 중 최고! 믿고 보는 스칼렛 요한슨"
"705","슬리핑 뷰티","2","지창욱은 뭐 이런영화엘 나왔냐;;;"
"706","모가디슈","9","구교환 짱! 조인성 나날이 괜찮아짐, 더이상 그의 연기 불안하지 않음, 허준호는 주름도 연기 가능한 사람인듯! 어릴때 해모수아저씨 였는데! 오랜만에 연출, 연기 깔끔한 영화를 잘 봤음, 팬데믹에도 괜찮은 영화는 보러나가고 싶음! OST는 딱히 생각 안남(인상적인 음악이 없음) 소년병사들을 보며 뭔가 마음 한구석이 져릿함."
"707","파이프라인","1","다른 영화를 보시는게 모든면에서 돈도 아끼고 시간도 아끼고  ..^^ 감상포인트가 없어요 ㅎㅎ 너무 전형적인 한국 영화임 노잼"
"708","로마의 휴일","10","로맨스 코미디계의 최고봉이자 불멸의 명작. 그게 비록 한 여름밤의 꿈일지언정, 두 사람에게는 평생의 추억이 될 것이다."
"709","인질","10","처음부터 끝까지 몰입감 제대로..리뷰보고 기대 안했는데 완전 꿀잼"
"710","라라랜드","5",""
"711","해어화","10","넷플떠서 봤는데 옛사랑 생각나고 마음아팠어요 간만에 가슴 울리는 영화 만났네요"
"712","극장판 도라에몽: 진구의 신공룡","10","피스케가 돌아왔어!!!피스케가 돌아왔어!!! 피스케 돌아왔어!!!"
"713","복수는 나의 것","10","정말 천제감독과 배운들 미쳤다~아주 옛날 보고 다시보니 연기 연출 최고다~"
"714","방법: 재차의","10","저는시간가는줄모르고봣네요ㅎㅎ"
"715","인생","10",""
"716","뺑반","2","비행기에서 나오길래 봤다. 비행시간이 두배가 되는 매직.. 개연성? 설득력? 그런거 없다. 액션, 스릴, 감동, 영상미, 몰입감 같은건 기대도 하지말자. 만약 '나는 영화에는 관심이 없고, 90년대 폭주 뛰던 애들 중에서도 중2병 쎄게 온 찌질이들이 썼던, 손발 오그라드는 은어에 대해 알고싶다' 그런 사람에게는 추천."
"717","모가디슈","7",""
"718","프리 가이","9","개재밌었음 생각없이 보면 딱좋음"
"719","랑종","7",""
"720","올드","7","마치 양말젖었는데  갈아신어야되나 말아야되나 그런 영화"
"721","나쁜 이웃들","5","미국식 코미디 영화.. 코드에 맞으면 재밌음 난 무덤덤하게 봄.. 재밌게 만들려한건 알겠는데 나한텐 그닥.. 그래도 다들 연기력은 좋음"
"722","모가디슈","10","요근래 보기드문 한국영화! 너무 재밌게 잘봤습니다"
"723","언더 워터","2","차라리 47미터를 한번더 보는게 나을듯하다"
"724","퍼펙트 케어","10","오랜만에 정말 재밌는 영화 발견"
"725","미드 90","10","슈퍼패미콤 그것은 진리..."
"726","쏘우","10","역시 반전이 있다는거는 끝까지 봐야해 쏘우 시리즈 찾아봐야겠다"
"727","드림걸즈","9","15년이라는 세월이 무색할 정도로 너무 세련된 영화."
"728","프리 가이","10","각본이 미쳤네요!!!! 인생작 하나 또 건지고갑니다."
"729","어톤먼트","10","영화의 색감 , ost 너무나 아름다움영화를 보면서 감탄하다가브라이오니 보면서 한숨 ?….그래도 그냥 내 인생영화임 꼭 봐요"
"730","악인전","10","나쁜놈 둘이 더 나쁜놈 잡는 재밌는 스토리"
"731","리틀 포레스트","10","힐링되기 위해 봤다가 계속 생각나고 생각나면 또다시 힐링되는 영화"
"732","비와 당신의 이야기","2","개연성이 없고 수첩에 감성적인 글을 다 적어놨다가 몇 개는 편지로 몇 개는 대사로 몇 개는 나레이션으로 푸는 느낌..? 그래서 그런지 상황과 대사.나레이션이 이어지지가 않고 어수선한데 분위기만 감성적인.."
"733","혼자 사는 사람들","10","다른 이의 말을 들어주고 공감해주는 상담사 진아와, 혼자만의 삶을 살아가는 진아 이 양면의 모순적인 연출로 개인주의 속에서 살아가는 개개인의 내면을 투박하게 그려낸 것같다."
"734","엣지 오브 투모로우","8","헐리웃의 자본과 기술력으로 눈을 호강시켜주는 비주얼"
"735","제미니 맨","1","역대 윌 스미스 영화 중 최악의 졸작.여러 액션 영화를 짬뽕해놓은 스토리.그냥 윌 스미스가 2명일뿐."
"736","인질","4","개연성 2.5/5연기력 4/5재미 3/5총평:싱크홀 보세요~~ 배우들 연기력은 나쁘지 않아요 근데 개연성이 매끄럽지 않고 불필요한 장면때문에 저는 그닥 재밌게 보진않았어요. 남자친구는 재미있었다고 하긴하지만 싱크홀볼껄하고 후회하더이다"
"737","아이","10","아무 생각없이 보았는 데, 힐링되었어요^^토닥토닥, 잘 하고 있어. 계속 가면 돼~~~~잔잔하게 외쳐주는 거 같았어요."
"738","싱크홀","2","명품배우덕분에 살린영화...진짜 영화여도말이너무안되게만들엇고.."
"739","정글 크루즈","8","무난하면서 확실한 재미"
"740","위플래쉬","10","인생에 자극이 필요할 때 찾는 최고의 영화"
"741","낙원의 밤","10","왜이리 평점이 낮나요??"
"742","스토어웨이","6","갑작스런 태양폭풍 하나때문에 해피엔딩에서 새드엔딩이 됨...이정도면 하늘이 죽일려고 작정한듯"
"743","인질","10","존잼존쟘..황정민연기대박"
"744","무협","10","이런 좋은 영화를 모르고 있었다니! 아..탕웨이 ㅠ.ㅠ...탕웨이의 절제된 애절함. 특히, 문걸어 잠그고 연못에서 만난 사람이 내가 아니었어도, 당신은 여기에 머물렀겠죠..에서 나도 가슴이 찢어진다 ㅠ.ㅠ"
"745","블랙 위도우","1","저는 개인적으로 별로엿네요~~ 그냥 재탕삼탕느낌.. 처음 성장기 내용이어ㅉ음 좋았을텐데"
"746","블랙 미러: 밴더스내치","10","인터렉티브를 이렇게 잘 표현하디니. 기획력과 시나리오 준비가 대단하다"
"747","킬러의 보디가드","7","2편 보려구 급하게 봤다"
"748","쏘우","6","교훈 같은거 뭐 줄려고 하는데 하나도 안먹히고 오히려 반감이 듬 걍 마지막 반전이 좀 재밌었다"
"749","모가디슈","10","담백하게 이야기를 풀어내서 더 와닿았던것 같습니다. 그 시절 겪었던 비극이 잘 드러남과 동시에 어려울 때 서로 협력하는 모습이 감동이었어요. 모가디슈 보기 잘한것 같아요 계속 긴장하며 봤네요ㅎㅎ"
"750","셀프/리스","10","삶의 의미를 생각해볼 수 있었어요약간의 액션이 긴박감도 주네요"
"751","기생충","10",""
"752","싱크홀","6","초반엔 그럭저럭 볼만했으나, 씽크홀 빠지고 나서부터 지루해지기 시작...나중엔 언제 끝나나 기다리게 됨."
"753","지구를 지켜라!","8","차라리 외계인이었으면 하는 사람들… 지구는 누가지키지."
"754","혼자 사는 사람들","8","특별한 거 없이 몰입이 쭈욱 이어진다. 마지막이 좀 급하게 마무리되는 느낌이지만 전체적으로 꽤 괜찮다"
"755","죽거나 혹은 나쁘거나","7",""
"756","인질","8",""
"757","인디펜던스 데이","10",""
"758","인질","7","황정민'역을 맡은 '황정민'이라니 ㅋㅋㅋㅋ 여기서부터 어그로가 끌렸다고 본다.그냥 유명한 배우 역을 맡은 '황정민'이였으면 안봤을수도 있을 것 같은데유명한 배우 '황정민'역을 맡은 '황정민'이라고 하니까 끌리더라"
"759","싱크홀","10","이광수덕에 많이 볼만했음 가족영화. 다만 현실성 없는 판타지인건 알고 봐야함"
"760","버팔로 66","10","스톡홀롬 증후군을 말하는 너는 공감능력제로의 사이코패스거나 돌고래뇌다. 레일라는 누가 봐도 빌리와 같은 과거를 가졌거나 혹은 빌리의 이상향 같은 존재를 나타낼 뿐이다. 일반 여성의 개념이 아니다. 그리고 빌리가 레일라와 이어졌다고 말하는 것은 어리석다. 빌리는 결국 자살했다. 그게 이 영화의 결말이다. 뒷 부분은 빌리가 자살하며 꾼 자신의 이루지 못할 바람일 뿐. 이룬 것이 아니다. 빌리는 그럴 수 없다. 죽어가는 개를 보며 부모님께 분노하면서도 그는 부모님을 생각하며 부모님의 사랑을 받고 싶었던 존재이다. 어머니가 좋아하는 버팔로가 승리하길 바라며 전재산을 도박한 남자다. 그렇다.그는 죽었다. 그게 결말이다. 이 점을 명시하고 영화를 보면 이 영화의.진가를.알게 될 것이다. 이 영화가 얼마나 슬픈 영화인 지 알게 될 것이고. 빌리에게 레일라가 얼마나 필요한 사람인 지. 그리고 레일라가 빌리의 자살을 알고있는 게 어떤 의미인 지..레일라와 빌리가 왜 연결되는 지 알게 될 것이다. 하지만 알기를 추천하지 않는다. 무언가를 알기 위해선 그만큼의 절망을 지나와야한다는 걸 알기 때문이다."
"761","국가대표2","2","무려 올림픽 국대 네 번째 경기가 되도록 상대편 선수 분석도 안한 국대 수준.. 심지어 수애 동생이 앞선 세 경기에서 에이스의 활약을 보여줬다는데, 수애는 마지막 경기에 와서야 동생이 북한 팀에 있는 걸 처음 앎ㅋㅋ 고조 네래 동생 그리워한 거 맞네?ㅋㅋ 개연성이고 현실고증이고 나발이고 다 집어치우고 클리셰 떡칠만 해서 오로지 신파 하나만 보고 달려온 영화인데, 그 신파가 너무 코미디ㅋㅋ"
"762","왕의 남자","10","가수 안예은의 작품 중 ‘홍연’이라는 곡이 있는데 이 영화를 보고 영감을 받아 만든거라고 합니다 오랜만에 다시 보게 되었는데 정말 최고의 영화입니다 무엇보다 위태한 외줄 위에서 날아오르는 두 사람의 엔딩이 참 오래도록 가슴에 여운이 남습니다."
"763","1917","10","와~~~ 몰입감 최고~!!!너무 재미있네요."
"764","특별시민","4","별  내용없네 내 시간 ㅜㅜ"
"765","미드나이트","10","안타깝네요극장에서 봤으면 훨씬  재미있었을거 같은데."
"766","디센던트","10",""
"767","모가디슈","10","짜임새 있는 스토리와 전개 방식 good"
"768","네 무덤에 침을 뱉어라","10","복수방식이 통쾌함"
"769","길소뜸","1","중2  미성년자에게   ? 그런식으로  ?강요를    별반도 아깝네요"
"770","K-19 위도우메이커","4","잘모르겠다 이건 이것도아니고 저것도아니고 싸움도없고 이념도 허설푸고 갈등은 권위로 해소 리암형은 옆에서 입만털다끝남...크림슨타이드나 517, 헌터킬러가 훨 나은거같다"
"771","프리 가이","10","매우 만족하고 믿고보는배우!!"
"772","고령가 소년 살인사건","6","모두를 홀리는 매력을 가졌다는 설정의 히로인. 그럼에도 너무 못생기고, 매력을 보여준것도 아닌데 엮인 남자들이 보자마자 반하는 장면들이 너무 작의적이고 감정선타기 어려움"
"773","싱크홀","10",""
"774","올드","10","아니 1점주는 사람들 이해가 안되네 10점만점에 적어도 7,8점인데 인과관계 뚜렷하게 다 밝혀주고 영화보는내내 긴장감에 끝나고 나서는 여운이 남았던 영화"
"775","상류사회","1",""
"776","인질","10","다들 연기 장난 아님.. 김재범님 너무 무섭게 연기 잘 하세요"
"777","싱크홀","2","방금 보고왔는데  에휴 돈주고볼정도는 아니네요ㅠㅠ"
"778","해무","6","짱깨조선족들 전부 착해지고 해피엔딩으로 갈수있었는데 호구OO 여자에 팔린 남자한명이 다망치네;;"
"779","인질","8","평점보고 걱정 많이했는데 나랑 친구는 재밌게 봄 다 연기를 잘해서 재밌었움"
"780","인질","9","황정민은 진짜 연기쩐다 ..무섭다"
"781","클로버필드","2","이걸 왜 본거지;; 결말도 이상"
"782","인질","10","너무잼써요 따봉 다시보고싶은영화 1위"
"783","모가디슈","10","최근 본 영화 중 탑진짜 재밌음"
"784","인질","10","개인적으로 다 좋았음 배우님들 연기도 엄청 잘하고 좋았는데 경찰들이 진짜 아무것도 못하는 우리나라 경찰들의 현실을 보여주는거같아서 답답했음.. ㅠ"
"785","모가디슈","10","재미있게 잘봤어요볼만합니디ㅣ"
"786","더 수어사이드 스쿼드","10","그냥 믿고보는 작품이 되었네 의심말고 봐보셈"
"787","신세계","10","느와르는 쳐다보지도 않는 사람인데, 찾아서 다시 보게 만드는 영화...연출도 스토리도 연기도 탄탄함...이런 영화 또 만들어주세요"
"788","베일리 어게인","10","요즘 본 영화중 마음이 가장 맑아지는 영화"
"789","분노의 질주: 더 얼티메이트","7","그냥 많이 아쉬웠어요.진짜 토레토와의 의리로 매번 챙겨보는데 저번 시리즈가 훨 재밌습니다.킬링타임용은 될 듯 합니다."
"790","싱크홀","10","아무생각없이  재밌게 잘봤어요"
"791","세상의 중심에서 사랑을 외치다","10","슬프냐?나도슬프다..."
"792","인질","10","평점 왜 낮지.. 재밌어요 쫄깃쫄깃"
"793","인질","10","난 재밌게봤는데 ㅋㅋㅋㅋ 시간가는줄 몰랐음"
"794","월드 트레이드 센터","10","해병대 만세 무적해병 함종훈"
"795","혐오스런 마츠코의 일생","10","B급 제목과 병맛 포스터에 놓치기 쉬운 명작'잘 돌아왔어!' '다녀왔어!'얼마나 마츠코가 그리고 우리 모두가 돌아가고 싶은 집이었을까?"
"796","비와 당신의 이야기","10","재밌어요 재밌네요 매년 말에 가다니 대단...."
"797","모가디슈","10","아 재밌고 난 눈물도 나던데 ㅠ 오랜만에 가슴뛰는 영화 보고왔습니다 또 보고싶다ㅠㅠ"
"798","보스 베이비 2","1","전작의 재미를 기대하고 본다면 실망할 듯,미치도록 산만한 진행에 무슨 말을 하고 싶은 건지도 모를 스토리 개연성"
"799","감기","1","ㅋㅋㅋ 와.. 미친다 미처 점수는 또 왜이리 높아.. 나오는 여자는 싸가지 반말아 먹었고 ㅋㅋㅋ 주한미공군에 F-15 ㅋㅋㅋ 그리고 존재하지도 않은 내부무장창 하는게 꼭 북한 및 공산당이 하는거 하던대 그냥 존비물로 만들지 존비도 아니고 멋도 아니고 ㅋㅋㅋ"
"800","엘♥디케이 러브 하우스","10","킬링타임용으로 짱 남주가 너무 내스타일이야...."
"801","똥파리","9","양익준, 울부짖는다"
"802","모가디슈","10","오랜만에 눈물 나는 감동적인 영화 였습니다.동족의 아픔이 너무나 잘 표현 되었다는 생각을 하며,  허준호님의 연기 카리스마는 대단하십니다."
"803","모가디슈","10","재밌어요. 여훈있어 좋아요"
"804","극장판 원피스 스탬피드","10","와... 밖에 안나오는 영화"
"805","분노의 질주: 더 얼티메이트","6","스토리는 기대안하고 보는 영화라지만 우주는 좀.."
"806","히트맨","1","진짜 노답인 영화.. 정말 살면서 본 영화중 제일 노잼인듯 진짜로.내 소중한 시간...진짜...오죽하면 1주일전에 본 영화를 또 검색해서 평점 읽고있네 나만그런가해서;;아무데나 넣은 코믹요소에,, 억지 웃음에, 본영화중 개연성 없기로 탑인거같다 ㄹㅇ 이걸 보여준 넷플릭스한테 배신감들라그래 진짜로.."
"807","용의자","10","공유씨 최고의 작품액션씬 최고!!감동도있고 슬픔도 있어요"
"808","인질","10","개꿀잼 황정민 사랑해오"
"809","캐시트럭","1","뭔 영화가..그래서 제이슨스타뎀 정체가 뭔데?"
"810","롤러코스터","10",""
"811","모가디슈","10","재밌게 봤어요.글자"
"812","레터스 투 줄리엣","10","이걸 이제야 보다니... 로맨스 좋아하시는 분이면 추천해요"
"813","해리 포터와 마법사의 돌","10","해리포터의 전설의 시작"
"814","혼자 사는 사람들","10","뭔가 마음이 웅장해지네요..먹먹하구...여운남구..정말 혼자살때 감정을 다 농축시켜놓은 영화같아서공감됐구 현시대를 잘표현한것같아 좋았지만 씁쓸하기도했어요 재미있게봤습니다."
"815","인질","8","딱 깔끔해서 좋았습니다"
"816","더 수어사이드 스쿼드","10","재미있음 근데 보다가 공황 약간 옴"
"817","더 수어사이드 스쿼드","10","전작보단 훨씬 좋다 액션도 좋고 소소한 웃음까지"
"818","인질","10","황정민 연기 대박입니다"
"819","인질","10","믿고 보는 황정민연기보는맛최고입니다"
"820","싱크홀","10","마지막은 좀 허무했지만 생각없이 웃고 울고현시대를 살며 공감도 했습니다"
"821","반교: 디텐션","10","일제강점기 생각나고 뭔가 슬펐음"
"822","올드","1","서프라이즈에 나오는 외국인들이 여기 주인공들보다 연기 잘함. 정말 엄마의 연기를 보면서 장수원이 떠오름"
"823","더 수어사이드 스쿼드","10","스토리를 기대하는건 아니라면, 그냥 닥치고 재미 있음"
"824","미쓰백","10","최소한 우리나라에 만큼은 이런일이 다시 일어나지 않기를...."
"825","인질","10","진짜 연기가 미쳤다액션/범죄물 별로 안좋하는데 이 영화 계기로 좋아하게 될 듯중간에 루즈한 장면도 없고 첨부터 끝까지 집중하면서 봄!!!!"
"826","빽 투 더 퓨쳐","9","85년도 영화가 전혀 아닌 것 같은 띵작!"
"827","버드 박스","10","눈을 뗄수없는 영화. 두시간이 넘는 런닝타임이 쏜살같이 지나가 버렸다."
"828","인질","6","오랫만에 스릴있게 잘봤어요~!"
"829","더 코브: 슬픈 돌고래의 진실","10",""
"830","싱크홀","9","감동과 재미가 있었어요차승원배우님의 연기가 영화를 더 빛내주네요 스토리는 예상되지만 배우분들 연기덕분에 몰입됩니다"
"831","크루즈 패밀리: 뉴 에이지","10",""
"832","야쿠자와 가족","10","일본영화 취향에도 안맞고, 정서적으로도 공감이 안되서 멀리 했는데, 우연히 추천을 받아서 봤습니다. 오랜만에 일본영화보고 좋은 느낌 좋은 감동 받았습니다."
"833","싱크홀","8","난 무척 재밌게 봤어 평은 안좋아 걱정 했은데 난 프리가이보다 더 재밌게 느껴졌어 차승원의 코믹연기 김성균의 연기 좋았아"
"834","싱크홀","8","뻔한 스토리지만 연기가 살렸다"
"835","인질","2","시간아깝고본 내눈 아깝고이딴 개 C급영화 간만에보내"
"836","인질","1","내생에 가장큰 후회몸매좋은 샛별이 밖에 기억이안남"
"837","클로이","10",""
"838","혼자 사는 사람들","10","배우의 감정연기에 몰입되서 저도 모르게 빠져서 봤습니다 공승연님의 연기에 박수를 보냅니다"
"839","까치발","9","'~장애'라는 지칭도 사람이 만들어낸 것이고, 전문가들의 소통과 치료를 위한 분류인데, 잘 알지도 못하는 무리들이 폄하하는 용도로 장애라는 말을 쓰는 것이 문제죠.그런 사회 분위기 속에서 무의식중에 장애를 다름이 아닌 나쁨으로 인식하게 된 우리들의 자화상입니다."
"840","백두산","10",""
"841","쉘 위 댄스","10","세상에 이렇게 재밌는 영화가 있다니!! 이거뭐 다본소감을 이루 말할수가 없네."
"842","올드","6","너무 잘 만들었지...예고편을!"
"843","블랙 호크 다운","6","윗대가리의 멍청함때문에 부하들만 죽어나네..."
"844","모가디슈","7","뭔가 부족해 ㅠ"
"845","고지전","10","10년만에 넷플릭스에 올라와서 다시 봤는데,명작이었네요.태극기 휘날리며 보다 더 깊은 울림이 있군요.솔직히 처음 개봉때 봤을때는 별로 였는데,지금은 완전 다른게 다가와요."
"846","타짜: 원 아이드 잭","8","개인적으로 1보다 더 재밌었다고 생각합니다. 평점들이 좀..."
"847","여고괴담 여섯번째 이야기 : 모교","2","도대체 여고괴담에서 계엄군얘기는 왜 나오는것지..이상타 재미도 그다지"
"848","인질","10","난잼썼어용 현실배우 황정민의 납치극더욱 감정이입해서봄  시간순삭"
"849","목소리의 형태","10","뭐라할까 볼수록 인생의 많은부분을 새롭게생각하게되는 작품이네요 비장애인들이 갖고있는 장애보다 큰 장애에 대해 많은 생각을 합니다 애니자체로만본다면 연출 내용 음악 연기 역대최고 인생애니입니다 단연코"
"850","인질","8","황정민배우 믿고 봤습니다."
"851","매드맥스: 분노의 도로","10","이 황무지를 헤매는 우리가 더 나은 삶을 위해서 가야할 곳은 어디인가?"
"852","싱크홀","2","전형적인 억지즙짜기 억지행복 영화."
"853","발신제한","8","여태 조우진 연기에 감탄한적 없는데이번 연기엔 이젠 주연 해도 되겠다 싶다.긴장감 잘 살렸고 그래도 본연에 충실하여 킬링타임용으로 재밌게 봄."
"854","인질","8","황정민이 황정민 역할을 하니까 그게 참신해서 만점을 눌렀다가 나같은 사람은 도저히 눈을 뜨고 있는 시간보다 감은 시간이 많을 정도로 잔인하고 지저분(?)해서 별 하나를 뺐다. 내 스타일은 전혀 아니지만 황정민의 기가 막힌 연기력에 감탄한 100분."
"855","남매의 여름밤","10","이 영화는 재미가 없다.영화 그 이상의 것  ""삶"" 인 것이다."
"856","앵그리스트맨","10","이 영화를 개봉하고 얼마 안 가 가시다니... 정말이지 실화가 될 것을 하늘이 예고라도 한 걸까... ㅠㅠ 유쾌한 편인 영화인데 너무도 눈물이 흐릅니다. 너무 그립습니다 헐리웃 최고의 전설의 광대선생님...."
"857","더 임파서블","10","실화인걸 알고봐서 그런가 영화 초반부터 시작해서 몇번을 울었는가 모릅니다. 재난영화보고 이렇게 우는거보니 이영화는 가족영화인가봅니다"
"858","윤희에게","10","윤희와 쥰이 다시 만난 그 곳에 나도 가보고 싶다. 그리고 윤희가 행복했으면 좋겠다."
"859","걸스 오브 막시","10","꼭 보세요행동하는 사람들 너무 멋져요"
"860","숏버스 감성행","10",""
"861","인질","4","인질 영화 하면 떠오르는 클리셰를 죄다 긁어모아서 섞어 놓기만 한 잡탕 같은 영화. 예상을 그대로 따라 흘러갑니다. 그리고 오마주를 할거면 장면 연출에 좀 더 신경을 써서 긴장감을 주셨어야죠. 이건 뭐 마이클 잭슨 따라하는 초등학생 수준이네요. 그나마 연기 빼면 볼 것 없는 영화인데 연기도 그리 인상 깊지는 않았습니다."
"862","마리 앙투아네트","10",""
"863","콰이어트 플레이스 2","9","영상미도 좋고 무엇보다도 1보다도 훨씬 더 극한의 상황에서 조여오는 공포감이 진짜 엄청났다.빨리3 ㅠㅠㅠㅠ"
"864","모가디슈","10","진짜 몰입하며 봤습니다...제가 저 상황이었다면 과연 살 수 있을지 ㅠㅠ 너무 현실적으로 다가온 영화에요...실화라는 걸 몰랐다면 에이 소설이네 했을탠데, 실화라는 것을 아니깐 더 대단해보여요 ㅠㅠ"
"865","모가디슈","8","지루할 틈이 없어요."
"866","인질","9","연출, 연기, 스토리 모두 상당히 준수함. 인질범들의 연기도 훌륭함. 다만 너무 긴장하고 봐서 그런지 다음날까지 몸이 뻐근함을 느낄 수도 있으니 주의 요망"
"867","정글 크루즈","10","굿."
"868","모가디슈","10","젤 재밌었던 영화 !!!"
"869","올드","10","잼있어서평점올려줍니다"
"870","늑대아이","9","생각이 많아지는 영화"
"871","내가 죽던 날","10","좋았어요 시간가는줄몰랐어요"
"872","모가디슈","8","킬링타임 용이라고 하기엔 너무 재밌음, 그러나 오래오래 추억할 영화는 아님"
"873","그린 나이트","9","몰입도 환상, 진정한 삶에 대한 성찰"
"874","친구2","4","친구X 동무O친목O"
"875","올드","10","성숙해지는건 시간 때문인가 나이가 들어서인가."
"876","맨 인 더 다크","10","웬만해선 영화관에서 나올때 재밌다고 안하는데 이영화는 진짜 재밌었음 끝나자 마자 2편 나오면 꼭 봐야지 했음"
"877","올드","6","용두사미..결말이 상당히 아쉽다."
"878","몬스터","10","이렇게 강렬할수가... 대체 어디서부터 였을까..."
"879","아미티빌 호러","7","대체로 볼 만 합니다"
"880","인질","4","개연성이너무없고 내용면에서 좀 많이어설픈영화"
"881","1408","10","스토리완성도 높음 연출  연기 좋음 공포영화가 현실적인건 처음이고또보고싶은것도 처음"
"882","극장판 귀멸의 칼날: 무한열차편","10","렌코쿠 그야말로 불꽃이었다. 가슴이 찌릿한 애니는 너무 오랜만이었다."
"883","모가디슈","10","실화임을 알고 내용을 더 들여다보고싶은 영화였습니다. 그리고 두 대사관님들의 연기에 관객으로서 완전히 몰입할 수 있었습니다"
"884","반지의 제왕: 반지 원정대","10","재미있습니다.강추입니다!!"
"885","릴리 슈슈의 모든 것","9","모두 같은 에테르를 공유하고 있었지만 하나가 되진 못했다쿠노에게 허니와 클로버 같은 대학생활을..."
"886","모가디슈","1",""
"887","추억은 방울방울","9","3번째 보는데 보는내내 나도 모르게 웃음짓고있네 ^^"
"888","박사가 사랑한 수식","10","진짜 인생영화네용...감동적인 요소도 있고 수학 지식도 쌓을 수 있는 영화!!"
"889","리틀 포레스트","10","이런게 진짜 힐링 영화가 아닐까 싶음"
"890","돌멩이","2","없다. 평점을 매길 수 없다."
"891","너와 100번째 사랑","8","눈물줄줄.. 일본식 로맨스 딱 그자체임. 이 감성 좋아하시는 분이면 추천."
"892","모가디슈","10","재밌다.배우들연기  최고다...스토리좋고.지금.아프가니스탄 생각나더라..조인성 어째.나이들어가며 더 멋있어지고  연기도잘하는지..조인성 팬클럽가입할수있나 해야겄다 진심 재밌게봤다"
"893","인질","5","황정민역의 실제이름을 쓴것 말고는 전형적이고 진부한 납치영화."
"894","모가디슈","10","또 한번 무력은 아닌것같다. 많은 생각을 나게하는 영화"
"895","싱크홀","10","이광수님 멋있어요??(???????)??"
"896","블랙아웃 : 인베이젼 어스","1","1점까진 아닌데 지금  점수가 너무 후함..."
"897","미스트","8","인생은 존버가 답이다."
"898","인질","10",""
"899","싱크홀","8","시간가는줄모르고 재미있게 봤어요 같이간친구들도 다 재밌었다고하더라구요"
"900","인질","10","심장이 벌렁벌렁 최고에요!"
"901","인질","10","기대 안하고 봤는데 스릴있고 재밌었어요~~!"
"902","투 러버스","7","충동적이고 즉흥적이고 찌질한 남자 주인공이 나오는 홍상수 영화의 미국 버전"
"903","인질","10","황정민의 연기가 너무 좋았습니다 황정민 아니면 절때 할수없는 영화인듯간만에 영화 너무 재밌게봤습니다15세치고 약간 잔인했던건 좀 무서웠어요ㅋㅋ 아 근데 최기완역활분은 약간 지드래곤 따라하는것같은느낌났어요 왜캐 권지용이 생각나는지 목소리가 비슷해서그런가?"
"904","길소뜸","1","자신의 영화를 위해 미성년 여배우에게 노출을 강요한 감독을 거장이라고 할 수 있을까?"
"905","모가디슈","8",""
"906","인질","8","황정민이 황정민한 영화 역시 믿고보는 황정민 덕분에 자루하지 않았지만 스토리는 좀 아쉽다"
"907","모가디슈","9","이 정도면 한국영화 장족의 발전임."
"908","보스 베이비 2","10","9살아들의최애작품이예요"
"909","플라이트 93","10","최악의 상황에서 운명을 바꿔보고자 용감한 행동을한 승객들에 씁슬한 조의를 표합니다 .."
"910","올드","6","인생을 돌아보는 영화였지만 굳이 이걸로 돌아봐야 하는 생각이 드는 영호ㅏ"
"911","인질","10","대애애애박~~~ 황정민 짱♡"
"912","공작","2","빨갱이영화 잘 봤습니다"
"913","인셉션","10","다크나이트 3부작 배우들 많이 썼네ㅋㅋㅋ"
"914","인질","10","긴장감 대박 짱재밌었습니당"
"915","인비저블 게스트","10","최고의 영화. 두번.세번봐도 재밌는영화"
"916","올드","7","시간 앞에 작은 인간의 존재"
"917","싱크홀","8","큰 감동을 주는 건 아니지만, 킬링타임용으로 볼 만 합니다. 추천해요."
"918","인질","2","진짜 영화 보다가 나온적 처음 ㅠㅠ 황배우님이 왜 이런 작품을 했을까 의심이 될 정도임 ㅠㅠ"
"919","인질","10","황정민 역시 믿고 봅니다"
"920","인질","8","오랜만에 영화를 봤지만, 정말 많이 아쉬웠습니다. 이런 영화가 과연 우리 나라의 영화라고 할수 있을까 라는 생각이 심각하게 드는 영화였습니다."
"921","프리 가이","7","프리시티 ㅈ망겜처럼 보이던데 왜캐 유명인들 다 하고있냐"
"922","싱크홀","10","준내 재밌는데 평점 왜이럼"
"923","빅쇼트","10","이미 네번은본듯 종종생각남"
"924","프리 가이","9","NPC는 왜 항상 죽어야 하는가?관점을 비틀어 탄생한 창의력 넘치는 영화!"
"925","수어사이드 스쿼드","2","일단 영화 자체도 재미없다. 걍 ocn에서 틀어주는 아무 영화가 더 낫다. 전형적인 비급 영환데 더 최악인건 조커, 카타나등 몇몇 빌런들이 진짜 연기를 너무 못해서 몰입이 너무 깬다.... 진짜 갓 데뷔한 한국 아이돌 아무나 갖다써도 연기 카타나만큼은 할듯 조커 는 한국일일드라마 연기 못하는 배우 수준임"
"926","프리 가이","10","재미있었어요 웃기고 감동적이고 액션도있고"
"927","인질","6","황정민 역의 황정민 설정만 참신해"
"928","싱크홀","10","생각 이상으로 재밌고 감동깊었다."
"929","더 수어사이드 스쿼드","8","미쳤어 졸라 재밌자나 (근데 적나라한 묘사가 좀 잔인함) 2021.8.23 주안cgv"
"930","프리 가이","9","최근 영화 중 제일 재밌게 봄"
"931","진주만","10","세계 3차 대전은 절대 일어나선 안될듯!"
"932","나니아 연대기 - 사자, 마녀 그리고 옷장","10",""
"933","더 수어사이드 스쿼드","8","킬링타임용으로 괜춘함"
"934","위대한 침묵","10",""
"935","혼자 사는 사람들","6","웃으며 행복하게 삽시다 ㅎㅎ 영화 너무 쳐진다"
"936","은혼 더 파이널","8","당신이 은덕이라면 꼭 봐야 할 영화. 다만 해결사여 영원하라 느낌으로 상상하고 오셨다면 작화가 살짝 아쉬울 수도 있어요"
"937","아미 오브 더 데드","2","아 시간 아깝다. 새벽의저주나 함 더 볼껄. 아 진짜 아 짜증나 아 뭐야 아 아 아 아밖에 안나오네 아.."
"938","더 수어사이드 스쿼드","1","굳이... 이따구로 잔인하게 만든 필요가 있었을까??? 킹스맨 대가리터지는거 흉내도 내보고...  1보고 보실분들 자제하세요."
"939","승리호","10","울고 웃고 숨을 죽이고 가슴을 부여잡고…엄청난 영화입니다…진짜…"
"940","더 파더","10","치매어머니를 모시다가 결국 양로원에 보낸뒤증세가 더 악화되셨는데ㅠ 영화를통해서 어머니의 행동들이 이해되고 공감이 많이돼서 맘이아픕니다.."
"941","인질","10","전존잼이던데요 ... 왜케평점이안좋아?!"
"942","솔트","10","액션의 앞도 안젤리나졸리! 액션의 뒤도 안젤리나졸리!"
"943","인질","6","황정민의 연기는 언제나처럼 뛰어났지만 영화 자체는 별로.. 마지막 쯤에 범인과 싸울 때 나오는 음악은 오히려 몰입을 방해하는 느낌 엔딩씬이 뭘 전달하려 했는 지는 알겠으나 전체적인 스토리와 연출이 다듬어 졌다면 더 좋았을 듯.. 배우 모두 연기를 잘해서 더 아쉬움이 많은 영화"
"944","프레스티지","8","광기어린 두 마술사의 결말을 기다리는 재미."
"945","모가디슈","8","류승완 감독의 다른 면을 보게된 영화네요 요즘시기와 묘하게 몰려 몰입해서 봤어요 그다지 무겁지도 가볍지도 조금 어중간한 영화 분위기가  다소 아쉽네요"
"946","메멘토","8","한 번 보고 이 영화를 평가하지말라."
"947","싱크홀","10","너무 재밌게 잘 봤습니다.!!!"
"948","인터스텔라","9","과학만으로는 설명할 수 없는 그 무언가."
"949","프리 가이","9","평소에 게임 즐겨하는 사람이면 공감가는 포인트가 많아 더 즐겁게 볼듯"
"950","올드","2","개연성이 없고 중간부터 지루함 이거 볼바엔 집에 갈듯...."
"951","악마를 보았다","1","쓰레기 영화. 피해자는 전부 여자고 헐벗은 여자들이 강간 당하고 죽고 찢기고 지X났다 사람의 불쾌감만 높이는 게 영화일까? 별점 1개도 싫다."
"952","시월애","10","풋풋한 사랑영화!! 2000년대 초반의 감성을 고스란히 느낄 수 있어 참 좋았어요:)"
"953","모가디슈","10","기대 없이 봤는데 정말 재미있었어요. 연출, 연기 모두 훌륭했으며 스토리도 가슴 찡하고 벅차오르는 감이 있었습니다. 소말리아의 총 든 꼬마들과 전쟁하는 것 보면서 공포와 안타까움을 동시에 느꼈어요."
"954","킬러의 보디가드 2: 킬러의 와이프","8","엔딩 상상도 못했네 ㅋㅋㅋ"
"955","12번째 솔저","10","실화라는게 너무 놀랍고 얀에게 경의를 표한다"
"956","인질","2","고구마 50만개 잘 먹고갑니다."
"957","혼자 사는 사람들","10","요즘 시대의 삭막함을 잘 표현한 영화.. 보는내내 왜 눈물이 나던지.. ㅜㅜ"
"958","싱크홀","8","전체적인 내용 구성은 좋았으나 너무 임팩트가 없는 느낌이었음. 갈수록 탈출할라고 시도하는데 쓸데없는 장면이 좀 많은느낌… 아래 댓글에 119랑 구청이 하는거 없다그랬는데 전혀;; 119가 헬기랑 드론 보내고 옆건물 무너뜨리고 올리는 작업 등 그만하면 많이 노력하는거 아닌가? / 그리고 그 식당하는 아주머니 아들 죽은거 너무 슬펐음 ㅠㅠ 남편도 없이 혼자 아들 먹여살리느라 고생했는데 아들까지 죽으니 정말 허무하셨을듯 ㅠㅠ 그리고 마지막에 주인공네 가족 집 어떻게 됐는지 궁금했는데 안보여줘서 아쉬웠음 ㅠㅠㅠ 국가에서 보상해줬겠죠..?"
"959","싱크홀","1",""
"960","컨테이젼","8","이미 예언을 했지만..코로나를 준비하지 못하였다"
"961","혼자 사는 사람들","10","정말 한국영화의 진수다"
"962","혼자 사는 사람들","10","그런 척하면서 사는 게 일상이 돼버린 진아가 너무 나 같아서 너무 슬펏다. 나는 사실 혼자가 좋다고 하지만 사람들과 있고싶은데 막상 사람들이랑 있으면 불편한 늘 그런 감정을 느끼며 살아서 혼돈스러웠는데.. 진아를 보면서 작은 거 하나씩 변화시키며 내 진짜를 받아들이는게 정답이라고 생각이 든다. 행복이라는 정의는 사람들마다 모양이 틀린거니까 내가 가진 모양이 틀리다고 내가 행복하지 않는게 아니니까."
"963","대니쉬 걸","9","에디 레디메인 연기는 진짜최고감정연기가 미쳤다"
"964","모가디슈","9","오우..극장에서 보길 잘했지...극장 사운드로 영상을 보니 실제 현장을 보는 듯 사실감이 있었다"
"965","더 수어사이드 스쿼드","10","와 다크나이트 아바타 이후 헐리우드 영화또한번 업그레이드~~~"
"966","인질","10","기대안하고 봤는데 역시 황정민!그리고 악역 대빵 맡으신분 새로운 발견!연기 진짜 쩔어요재밌게 잘 봤어요"
"967","올드","10","정말 조으네요 ~~~시간되면 꼭 극장에서 봐주세요 !! ^^"
"968","검사외전","7","아무리 영화라지만 개연성 너무 뜬금 없네.. 그래도 흥미롭고 타임킬링 잘 된다 ㅋㅋ"
"969","올드","10","인생 최고 영화 ^^추천합니다 ~~~~"
"970","인질","6","황정민 배우의 연기는 좋은데, 너무 경찰이 무능력하게 나오고 범인도 사이코패스보단 윈터솔져마냥 수류탄 가지고 폭발하고다님"
"971","모가디슈","5","이거 방탄이야! 이 강아지야!"
"972","인질","8","극장가가 너무 한산해서 씁쓸하더군요..영화는 재밌게 봤습니다. 조연들의 연기가ㄷㄷㄷ황정민 배우님은 연기가..말해 뭐합니까ㅡㅡ"
"973","인질","10","부모님이랑 보면 안돼요.."
"974","싱크홀","2","이게 영화냐 무슨 초딩이 연출한것 같고 좋은 배우들 데리고 뭐하냐 진짜"
"975","클레멘타인","10","내 인생에서 본 영화중에 가장 최고다."
"976","모가디슈","9","억지로 쥐어짜는 재미가 아니여서 좋았어요 연기도 훌륭"
"977","인질","9","실제로 이런일이 있을꺼 같은 생각이 들어서 무서워지는 영화.  중간에 화장실 가야는데 궁금해서 못갔다. ㅋㅋ 앤딩은 약간 아쉬움.."
"978","인질","6","나는 쫌 뭐랄까 허점이 많고 영화가 흐지부지하는느낌? 스토리가 너무 뻔했다"
"979","지슬","10","제주를 이해하기 위해서, 역대 일부 정권들이 숨겨 왔던 역사를 바로 알기 위해서 꼭 봐야 할 영화"
"980","첫 키스만 50번째","10","사랑하고 싶어지는 영화.. 너무 예쁜 영화였네요"
"981","피노키오","10","디즈니 역사상 최고의 애니메이션"
"982","인질","1","살려주세요 친구가보자했어요"
"983","론 서바이버","10",""
"984","콜","10","몰입감 대박. 마지막이랑 쿠키 빼면 더 대박... 7점대는 확실히 아님. OST가 압권"
"985","명장","10",""
"986","모가디슈","10","신파도 없고 몰입감도 좋습니다."
"987","러빙 빈센트","10","감동 그 이상 다시 이런 작품이 나올 수 있을까"
"988","올드","7","글쎄.. 영화는 흥미로우나 무엇을 말하고자함인가"
"989","아이스 로드","10","이렇게 재미있는 영화의 평점이 8점이 안되다니  이해 불가임. 시간 가는 줄 모르고 봤음"
"990","블루 재스민","7","과거에 함몰되는 것에 대하여"
"991","어머니","4",""
"992","미드나이트","2","4885의 전설을 따라가다가 결국 B급이 되고마는 영화. 살인은 최소한에 연계성도 부족하고 걍 묻지마이며 공권력이 전혀 작동하지 않는 등 답답한 설정에 결국 모두 행복하게 잘 살았습니다...라는 엔딩까지..."
"993","인질","10","스토리고 뭐고 황정민이 황정민 했다."
"994","올드","8","그냥 간단하게 볼수있는 영화  딱 그거..연기는 잘해서 볼만했음시간남아돌때 간단하게 보는 영화로 추천함"
"995","싱크홀","3","전형적인 예전 한국 영화 스타일 개연성은 너무 부족하고 전달하고 싶은 메세지는 알겠는데 너무 1차적임억지로 울리려고 계속 몰아가는 모습들이 너무 뻔하고 지루함.초반부터 엔딩까지 너무 너무 예전 스타일.연휴에 tv에서 할거같은데 그 때 보는게 나을듯"
"996","랑종","1","감독의 겉멋과 밑천이 드러나다"
"997","인질","10","스릴이 장난이 아님"
"998","반교: 디텐션","8","여름에더울때볼만한영화~60년대대만의시대상을알수있었고전반적으로우울하고어둡지만~결말은나쁘지않았음"
"999","싱크홀","8","연기력이 좋아요 재미와 감동 두마리 토끼 잡았네요^^"
"1000","추격자","1","콤플렉스와 자위로 가득찬 감독의 자기만족"
